,name,win,lose,len_win,len_lose,myth_win,myth_lose,mega_win,mega_lose,norm_win,norm_lose
0,Bulbasaur,298,921,5,81,2,27,1,51,290,742
1,Ivysaur,480,739,7,79,6,23,3,49,460,572
2,Venusaur,732,487,12,74,10,19,11,41,692,340
3,Mega Venusaur,887,332,26,60,14,15,18,34,819,213
4,Charmander,214,1005,1,85,1,28,1,51,211,821
5,Charmeleon,435,784,7,79,3,26,5,47,420,612
6,Charizard,817,402,19,67,15,14,18,34,758,274
7,Mega Charizard X,985,234,43,43,18,11,26,26,890,142
8,Mega Charizard Y,988,231,45,41,20,9,28,24,885,147
9,Squirtle,193,1026,1,85,1,28,1,51,190,842
10,Wartortle,365,854,5,81,2,27,2,50,356,676
11,Blastoise,682,537,18,68,5,24,9,43,646,386
12,Mega Blastoise,927,292,37,49,16,13,26,26,839,193
13,Caterpie,40,1179,1,85,0,29,0,52,39,993
14,Metapod,53,1166,2,84,0,29,0,52,51,981
15,Butterfree,593,626,12,74,10,19,8,44,557,475
16,Weedle,84,1135,2,84,0,29,0,52,82,950
17,Kakuna,94,1125,3,83,0,29,0,52,91,941
18,Beedrill,458,761,7,79,5,24,5,47,439,593
19,Mega Beedrill,752,467,26,60,11,18,16,36,691,341
20,Pidgey,135,1084,1,85,0,29,0,52,134,898
21,Pidgeotto,350,869,2,84,1,28,0,52,347,685
22,Pidgeot,349,870,2,84,1,28,0,52,346,686
23,Mega Pidgeot,933,286,28,58,17,12,21,31,858,174
24,Rattata,88,1131,1,85,0,29,0,52,87,945
25,Alolan Rattata,136,1083,4,82,1,28,1,51,130,902
26,Raticate,380,839,3,83,0,29,0,52,377,655
27,Alolan Raticate,551,668,12,74,7,22,4,48,528,504
28,Spearow,184,1035,1,85,0,29,0,52,183,849
29,Fearow,581,638,8,78,3,26,3,49,565,467
30,Ekans,160,1059,0,86,0,29,0,52,160,872
31,Arbok,506,713,10,76,1,28,3,49,489,543
32,Pikachu,201,1018,1,85,0,29,0,52,200,832
33,Partner Pikachu,421,798,7,79,2,27,1,51,411,621
34,Raichu,558,661,13,73,6,23,4,48,534,498
35,Alolan Raichu,664,555,18,68,7,22,8,44,627,405
36,Sandshrew,315,904,5,81,1,28,0,52,307,725
37,Alolan Sandshrew,409,810,12,74,2,27,4,48,390,642
38,Sandslash,657,562,23,63,11,18,15,37,602,430
39,Alolan Sandslash,788,431,41,45,9,20,18,34,713,319
40,Nidoran♀,138,1081,1,85,0,29,0,52,137,895
41,Nidorina,298,921,4,82,0,29,0,52,294,738
42,Nidoqueen,789,430,27,59,5,24,15,37,735,297
43,Nidoran♂,134,1085,0,86,0,29,0,52,134,898
44,Nidorino,304,915,1,85,0,29,0,52,303,729
45,Nidoking,779,440,24,62,5,24,15,37,728,304
46,Clefairy,277,942,2,84,0,29,1,51,274,758
47,Clefable,735,484,13,73,5,24,10,42,698,334
48,Vulpix,194,1025,1,85,1,28,1,51,191,841
49,Alolan Vulpix,191,1028,1,85,0,29,0,52,190,842
50,Ninetales,616,603,14,72,8,21,10,42,579,453
51,Alolan Ninetales,716,503,27,59,4,25,13,39,663,369
52,Jigglypuff,91,1128,3,83,0,29,1,51,87,945
53,Wigglytuff,553,666,8,78,1,28,6,46,537,495
54,Zubat,215,1004,4,82,0,29,2,50,208,824
55,Golbat,614,605,13,73,8,21,14,38,575,457
56,Oddish,321,898,5,81,3,26,1,51,312,720
57,Gloom,467,752,7,79,5,24,3,49,448,584
58,Vileplume,682,537,13,73,9,20,9,43,644,388
59,Paras,291,928,3,83,5,24,1,51,279,753
60,Parasect,581,638,15,71,13,16,5,47,543,489
61,Venonat,270,949,4,82,2,27,2,50,260,772
62,Venomoth,574,645,11,75,8,21,9,43,541,491
63,Diglett,117,1102,2,84,1,28,0,52,114,918
64,Alolan Diglett,164,1055,4,82,2,27,0,52,157,875
65,Dugtrio,463,756,10,76,1,28,5,47,445,587
66,Alolan Dugtrio,603,616,17,69,5,24,7,45,570,462
67,Meowth,102,1117,1,85,0,29,0,52,101,931
68,Alolan Meowth,138,1081,2,84,1,28,0,52,135,897
69,Galarian Meowth,184,1035,2,84,1,28,0,52,181,851
70,Persian,366,853,3,83,0,29,0,52,363,669
71,Alolan Persian,500,719,14,72,10,19,1,51,473,559
72,Psyduck,233,986,1,85,1,28,1,51,230,802
73,Golduck,638,581,13,73,4,25,8,44,611,421
74,Mankey,222,997,2,84,1,28,0,52,219,813
75,Primeape,564,655,13,73,3,26,4,48,541,491
76,Growlithe,291,928,2,84,1,28,1,51,287,745
77,Hisuian Growlithe,390,829,10,76,2,27,5,47,372,660
78,Arcanine,778,441,22,64,14,15,14,38,722,310
79,Hisuian Arcanine,877,342,33,53,11,18,18,34,809,223
80,Poliwag,159,1060,1,85,0,29,1,51,157,875
81,Poliwhirl,342,877,3,83,1,28,1,51,337,695
82,Poliwrath,788,431,22,64,7,22,18,34,736,296
83,Abra,238,981,1,85,0,29,1,51,236,796
84,Kadabra,440,779,4,82,0,29,1,51,432,600
85,Alakazam,682,537,18,68,5,24,5,47,647,385
86,Mega Alakazam,902,317,38,48,14,15,21,31,820,212
87,Machop,280,939,2,84,1,28,0,52,277,755
88,Machoke,530,689,9,77,2,27,8,44,509,523
89,Machamp,731,488,22,64,7,22,12,40,686,346
90,Bellsprout,231,988,4,82,1,28,1,51,225,807
91,Weepinbell,414,805,5,81,5,24,1,51,401,631
92,Victreebel,629,590,11,75,7,22,7,45,599,433
93,Mega Victreebel,816,403,18,68,12,17,15,37,763,269
94,Tentacool,243,976,1,85,1,28,1,51,239,793
95,Tentacruel,716,503,14,72,6,23,11,41,680,352
96,Geodude,392,827,7,79,4,25,3,49,376,656
97,Alolan Geodude,379,840,10,76,1,28,5,47,363,669
98,Graveler,592,627,14,72,7,22,9,43,558,474
99,Alolan Graveler,569,650,18,68,5,24,11,41,533,499
100,Golem,855,364,37,49,11,18,25,27,775,257
101,Alolan Golem,828,391,29,57,12,17,19,33,762,270
102,Ponyta,431,788,7,79,1,28,4,48,419,613
103,Galarian Ponyta,374,845,3,83,0,29,1,51,370,662
104,Rapidash,633,586,13,73,9,20,9,43,598,434
105,Galarian Rapidash,735,484,22,64,7,22,16,36,684,348
106,Slowpoke,352,867,4,82,4,25,1,51,343,689
107,Galarian Slowpoke,302,917,4,82,0,29,0,52,298,734
108,Slowbro,779,440,28,58,14,15,12,40,717,315
109,Mega Slowbro,990,229,46,40,19,10,29,23,884,148
110,Galarian Slowbro,697,522,20,66,10,19,12,40,649,383
111,Magnemite,457,762,10,76,3,26,4,48,439,593
112,Magneton,814,405,27,59,12,17,18,34,752,280
113,Farfetch'd,413,806,3,83,1,28,0,52,409,623
114,Galarian Farfetch'd,364,855,5,81,1,28,0,52,358,674
115,Doduo,306,913,1,85,0,29,0,52,305,727
116,Dodrio,688,531,10,76,5,24,7,45,663,369
117,Seel,200,1019,2,84,0,29,1,51,197,835
118,Dewgong,625,594,21,65,2,27,8,44,592,440
119,Grimer,299,920,3,83,0,29,0,52,296,736
120,Alolan Grimer,340,879,2,84,2,27,1,51,334,698
121,Muk,703,516,21,65,4,25,5,47,666,366
122,Alolan Muk,828,391,20,66,10,19,6,46,785,247
123,Shellder,230,989,2,84,1,28,0,52,227,805
124,Cloyster,741,478,26,60,7,22,12,40,692,340
125,Gastly,362,857,7,79,1,28,1,51,352,680
126,Haunter,645,574,12,74,3,26,5,47,623,409
127,Gengar,912,307,25,61,16,13,19,33,844,188
128,Mega Gengar,1098,121,58,28,22,7,35,17,969,63
129,Onix,439,780,4,82,3,26,3,49,427,605
130,Drowzee,161,1058,1,85,0,29,0,52,160,872
131,Hypno,544,675,7,79,2,27,2,50,532,500
132,Krabby,365,854,6,80,2,27,2,50,354,678
133,Kingler,717,502,18,68,7,22,13,39,673,359
134,Voltorb,264,955,1,85,2,27,0,52,261,771
135,Hisuian Voltorb,269,950,1,85,2,27,0,52,266,766
136,Electrode,564,655,12,74,7,22,6,46,537,495
137,Hisuian Electrode,571,648,10,76,8,21,4,48,544,488
138,Exeggcute,335,884,3,83,2,27,2,50,326,706
139,Exeggutor,787,432,23,63,16,13,11,41,728,304
140,Alolan Exeggutor,809,410,25,61,14,15,12,40,748,284
141,Cubone,258,961,4,82,1,28,0,52,253,779
142,Marowak,541,678,14,72,8,21,6,46,510,522
143,Alolan Marowak,650,569,20,66,14,15,14,38,597,435
144,Hitmonlee,574,645,12,74,3,26,3,49,555,477
145,Hitmonchan,592,627,10,76,2,27,8,44,568,464
146,Lickitung,352,867,2,84,1,28,0,52,349,683
147,Koffing,235,984,4,82,0,29,0,52,230,802
148,Weezing,586,633,14,72,3,26,6,46,559,473
149,Galarian Weezing,733,486,25,61,8,21,14,38,679,353
150,Rhyhorn,549,670,13,73,7,22,8,44,518,514
151,Rhydon,868,351,40,46,13,16,26,26,781,251
152,Chansey,305,914,4,82,0,29,2,50,298,734
153,Tangela,527,692,10,76,8,21,8,44,497,535
154,Kangaskhan,725,494,11,75,5,24,2,50,706,326
155,Mega Kangaskhan,922,297,43,43,16,13,18,34,838,194
156,Horsea,235,984,2,84,1,28,0,52,232,800
157,Seadra,543,676,11,75,4,25,7,45,519,513
158,Goldeen,246,973,2,84,1,28,1,51,242,790
159,Seaking,549,670,5,81,2,27,6,46,534,498
160,Staryu,272,947,1,85,1,28,1,51,269,763
161,Starmie,764,455,21,65,10,19,11,41,715,317
162,Mr. Mime,626,593,14,72,5,24,10,42,592,440
163,Galarian Mr. Mime,607,612,17,69,2,27,8,44,579,453
164,Scyther,820,399,22,64,18,11,23,29,750,282
165,Jynx,627,592,21,65,1,28,9,43,593,439
166,Electabuzz,597,622,12,74,4,25,4,48,575,457
167,Magmar,569,650,14,72,4,25,8,44,541,491
168,Pinsir,699,520,18,68,14,15,9,43,654,378
169,Mega Pinsir,983,236,39,47,22,7,31,21,882,150
170,Tauros,699,520,9,77,5,24,5,47,679,353
171,Tauros Combat Breed,748,471,22,64,9,20,13,39,699,333
172,Tauros Blaze Breed,848,371,24,62,10,19,20,32,789,243
173,Tauros Aqua Breed,847,372,30,56,9,20,22,30,779,253
174,Magikarp,30,1189,0,86,0,29,0,52,30,1002
175,Gyarados,990,229,37,49,16,13,24,28,906,126
176,Mega Gyarados,1068,151,52,34,19,10,31,21,954,78
177,Lapras,822,397,31,55,7,22,17,35,762,270
178,Ditto,114,1105,1,85,0,29,0,52,113,919
179,Eevee,201,1018,1,85,0,29,0,52,200,832
180,Partner Eevee,403,816,3,83,0,29,0,52,400,632
181,Vaporeon,794,425,28,58,10,19,12,40,737,295
182,Jolteon,722,497,19,67,7,22,9,43,683,349
183,Flareon,666,553,21,65,9,20,9,43,623,409
184,Porygon,374,845,2,84,1,28,0,52,371,661
185,Omanyte,449,770,7,79,2,27,8,44,431,601
186,Omastar,796,423,29,57,9,20,18,34,735,297
187,Kabuto,391,828,6,80,2,27,3,49,378,654
188,Kabutops,768,451,26,60,7,22,14,38,715,317
189,Aerodactyl,771,448,25,61,9,20,19,33,711,321
190,Mega Aerodactyl,947,272,45,41,17,12,33,19,841,191
191,Snorlax,818,401,30,56,12,17,19,33,750,282
192,Articuno,877,342,35,51,9,20,22,30,803,229
193,Galarian Articuno,910,309,32,54,15,14,18,34,837,195
194,Zapdos,975,244,38,48,20,9,26,26,881,151
195,Galarian Zapdos,975,244,31,55,15,14,24,28,899,133
196,Moltres,906,313,31,55,20,9,24,28,822,210
197,Galarian Moltres,949,270,37,49,18,11,22,30,866,166
198,Dratini,145,1074,1,85,0,29,0,52,144,888
199,Dragonair,413,806,2,84,0,29,1,51,410,622
200,Dragonite,975,244,30,56,21,8,28,24,887,145
201,Mega Dragonite,1075,144,51,35,23,6,34,18,954,78
202,Mewtwo,984,235,48,38,15,14,26,26,883,149
203,Mega Mewtwo X,1103,116,55,31,19,10,35,17,977,55
204,Mega Mewtwo Y,1043,176,61,25,15,14,35,17,919,113
205,Mew,984,235,48,38,15,14,26,26,883,149
206,Chikorita,180,1039,1,85,0,29,0,52,179,853
207,Bayleef,337,882,3,83,3,26,3,49,327,705
208,Meganium,576,643,9,77,8,21,6,46,548,484
209,Cyndaquil,217,1002,1,85,1,28,1,51,214,818
210,Quilava,432,787,7,79,3,26,5,47,417,615
211,Typhlosion,736,483,19,67,13,16,14,38,685,347
212,Hisuian Typhlosion,878,341,31,55,17,12,22,30,803,229
213,Totodile,223,996,2,84,1,28,1,51,219,813
214,Croconaw,437,782,4,82,3,26,1,51,428,604
215,Feraligatr,767,452,22,64,8,21,14,38,719,313
216,Sentret,29,1190,1,85,0,29,0,52,28,1004
217,Furret,428,791,4,82,0,29,0,52,424,608
218,Hoothoot,120,1099,1,85,0,29,0,52,119,913
219,Noctowl,609,610,5,81,3,26,5,47,595,437
220,Ledyba,226,993,6,80,2,27,1,51,216,816
221,Ledian,498,721,8,78,8,21,8,44,468,564
222,Spinarak,162,1057,2,84,0,29,0,52,159,873
223,Ariados,500,719,9,77,3,26,6,46,477,555
224,Crobat,772,447,23,63,10,19,19,33,715,317
225,Chinchou,374,845,6,80,1,28,1,51,365,667
226,Lanturn,710,509,20,66,13,16,13,39,658,374
227,Pichu,34,1185,0,86,0,29,0,52,34,998
228,Cleffa,44,1175,1,85,0,29,0,52,43,989
229,Igglybuff,32,1187,3,83,0,29,0,52,29,1003
230,Togepi,106,1113,1,85,0,29,0,52,105,927
231,Togetic,606,613,11,75,7,22,16,36,565,467
232,Natu,302,917,5,81,0,29,1,51,295,737
233,Xatu,641,578,11,75,7,22,12,40,606,426
234,Mareep,198,1021,1,85,1,28,0,52,196,836
235,Flaaffy,394,825,2,84,1,28,1,51,389,643
236,Ampharos,771,448,22,64,11,18,11,41,724,308
237,Mega Ampharos,1071,148,51,35,23,6,32,20,954,78
238,Bellossom,545,674,8,78,8,21,6,46,517,515
239,Marill,104,1115,1,85,0,29,0,52,103,929
240,Azumarill,634,585,15,71,8,21,12,40,593,439
241,Sudowoodo,626,593,18,68,6,23,12,40,587,445
242,Politoed,647,572,11,75,4,25,8,44,620,412
243,Hoppip,186,1033,2,84,0,29,1,51,182,850
244,Skiploom,356,863,4,82,2,27,2,50,347,685
245,Jumpluff,579,640,10,76,7,22,7,45,550,482
246,Aipom,294,925,2,84,0,29,0,52,292,740
247,Sunkern,15,1204,0,86,0,29,0,52,15,1017
248,Sunflora,413,806,5,81,4,25,1,51,399,633
249,Yanma,525,694,10,76,9,20,7,45,494,538
250,Wooper,122,1097,2,84,0,29,0,52,119,913
251,Paldean Wooper,158,1061,2,84,0,29,0,52,155,877
252,Quagsire,619,600,17,69,7,22,9,43,583,449
253,Espeon,750,469,20,66,7,22,8,44,707,325
254,Umbreon,727,492,21,65,13,16,7,45,681,351
255,Murkrow,465,754,5,81,6,23,2,50,450,582
256,Slowking,778,441,25,61,13,16,11,41,720,312
257,Galarian Slowking,774,445,30,56,10,19,12,40,713,319
258,Misdreavus,469,750,10,76,5,24,3,49,451,581
259,Unown,205,1014,2,84,0,29,0,52,203,829
260,Wobbuffet,347,872,4,82,0,29,0,52,343,689
261,Girafarig,522,697,5,81,2,27,2,50,513,519
262,Pineco,246,973,3,83,6,23,2,50,233,799
263,Forretress,736,483,25,61,13,16,15,37,676,356
264,Dunsparce,413,806,3,83,1,28,0,52,409,623
265,Gligar,690,529,15,71,9,20,9,43,653,379
266,Steelix,800,419,36,50,15,14,22,30,716,316
267,Mega Steelix,999,220,57,29,18,11,33,19,878,154
268,Snubbull,258,961,4,82,0,29,2,50,252,780
269,Granbull,738,481,19,67,9,20,12,40,692,340
270,Qwilfish,677,542,8,78,4,25,8,44,654,378
271,Hisuian Qwilfish,640,579,6,80,8,21,3,49,621,411
272,Scizor,826,393,31,55,14,15,22,30,752,280
273,Mega Scizor,967,252,41,45,21,8,28,24,868,164
274,Shuckle,210,1009,2,84,2,27,1,51,205,827
275,Heracross,814,405,25,61,10,19,13,39,760,272
276,Mega Heracross,1008,211,41,45,21,8,27,25,907,125
277,Sneasel,655,564,27,59,9,20,9,43,607,425
278,Hisuian Sneasel,658,561,16,70,4,25,7,45,629,403
279,Teddiursa,254,965,2,84,0,29,0,52,252,780
280,Ursaring,717,502,10,76,7,22,3,49,697,335
281,Slugma,138,1081,1,85,1,28,0,52,136,896
282,Magcargo,649,570,18,68,5,24,12,40,612,420
283,Swinub,163,1056,1,85,1,28,0,52,161,871
284,Piloswine,725,494,30,56,7,22,14,38,672,360
285,Corsola,498,721,13,73,3,26,6,46,473,559
286,Galarian Corsola,422,797,7,79,7,22,1,51,406,626
287,Remoraid,147,1072,1,85,0,29,1,51,145,887
288,Octillery,582,637,12,74,5,24,8,44,555,477
289,Delibird,306,913,1,85,0,29,0,52,305,727
290,Mantine,764,455,15,71,5,24,12,40,727,305
291,Skarmory,751,468,19,67,12,17,16,36,698,334
292,Houndour,311,908,4,82,1,28,2,50,302,730
293,Houndoom,747,472,23,63,14,15,13,39,692,340
294,Mega Houndoom,971,248,45,41,20,9,24,28,874,158
295,Kingdra,815,404,18,68,11,18,11,41,769,263
296,Phanpy,317,902,4,82,1,28,0,52,311,721
297,Donphan,748,471,30,56,15,14,21,31,671,361
298,Porygon2,702,517,9,77,6,23,3,49,683,349
299,Stantler,471,748,3,83,1,28,0,52,467,565
300,Smeargle,24,1195,1,85,0,29,0,52,23,1009
301,Tyrogue,47,1172,0,86,0,29,0,52,47,985
302,Hitmontop,593,626,12,74,2,27,8,44,568,464
303,Smoochum,251,968,1,85,1,28,1,51,248,784
304,Elekid,276,943,1,85,1,28,0,52,274,758
305,Magby,298,921,2,84,1,28,2,50,293,739
306,Miltank,669,550,7,79,6,23,3,49,653,379
307,Blissey,555,664,31,55,6,23,17,35,495,537
308,Raikou,861,358,34,52,12,17,19,33,793,239
309,Entei,850,369,34,52,17,12,20,32,772,260
310,Suicune,841,378,33,53,10,19,19,33,771,261
311,Larvitar,323,896,6,80,1,28,2,50,313,719
312,Pupitar,562,657,18,68,3,26,7,45,532,500
313,Tyranitar,930,289,47,39,18,11,28,24,828,204
314,Mega Tyranitar,1059,160,57,29,20,9,35,17,935,97
315,Lugia,984,235,46,40,21,8,28,24,879,153
316,Ho-oh,1014,205,50,36,24,5,36,16,893,139
317,Celebi,871,348,25,61,18,11,13,39,806,226
318,Treecko,184,1035,1,85,0,29,1,51,182,850
319,Grovyle,324,895,4,82,1,28,1,51,316,716
320,Sceptile,551,668,11,75,7,22,7,45,521,511
321,Mega Sceptile,930,289,39,47,18,11,24,28,835,197
322,Torchic,209,1010,2,84,1,28,1,51,205,827
323,Combusken,465,754,8,78,2,27,5,47,448,584
324,Blaziken,766,453,19,67,5,24,16,36,722,310
325,Mega Blaziken,931,288,32,54,16,13,23,29,852,180
326,Mudkip,206,1013,1,85,0,29,1,51,204,828
327,Marshtomp,505,714,9,77,2,27,3,49,490,542
328,Swampert,847,372,37,49,12,17,19,33,771,261
329,Mega Swampert,1010,209,55,31,22,7,31,21,888,144
330,Poochyena,48,1171,1,85,0,29,0,52,47,985
331,Mightyena,530,689,8,78,6,23,0,52,516,516
332,Zigzagoon,32,1187,1,85,0,29,0,52,31,1001
333,Galarian Zigzagoon,71,1148,3,83,1,28,0,52,67,965
334,Linoone,397,822,3,83,0,29,0,52,394,638
335,Galarian Linoone,530,689,12,74,7,22,3,49,507,525
336,Wurmple,61,1158,1,85,0,29,0,52,60,972
337,Silcoon,67,1152,2,84,0,29,0,52,65,967
338,Beautifly,570,649,13,73,9,20,9,43,534,498
339,Cascoon,68,1151,2,84,0,29,0,52,66,966
340,Dustox,367,852,6,80,2,27,2,50,354,678
341,Lotad,110,1109,1,85,0,29,1,51,108,924
342,Lombre,317,902,4,82,5,24,6,46,300,732
343,Ludicolo,579,640,9,77,6,23,9,43,551,481
344,Seedot,71,1148,1,85,0,29,0,52,70,962
345,Nuzleaf,340,879,3,83,3,26,1,51,332,700
346,Shiftry,668,551,17,69,12,17,6,46,629,403
347,Taillow,167,1052,1,85,0,29,0,52,166,866
348,Swellow,530,689,5,81,3,26,1,51,520,512
349,Wingull,210,1009,3,83,0,29,1,51,205,827
350,Pelipper,739,480,14,72,8,21,14,38,699,333
351,Ralts,33,1186,1,85,0,29,0,52,32,1000
352,Kirlia,172,1047,1,85,2,27,0,52,168,864
353,Gardevoir,819,400,26,60,8,21,21,31,757,275
354,Mega Gardevoir,1023,196,60,26,13,16,28,24,910,122
355,Surskit,147,1072,2,84,0,29,1,51,144,888
356,Masquerain,706,513,20,66,14,15,16,36,650,382
357,Shroomish,154,1065,1,85,0,29,0,52,153,879
358,Breloom,674,545,15,71,5,24,11,41,637,395
359,Slakoth,159,1060,1,85,0,29,0,52,158,874
360,Vigoroth,480,739,5,81,2,27,0,52,473,559
361,Slaking,1019,200,57,29,20,9,29,23,901,131
362,Nincada,176,1043,3,83,1,28,1,51,171,861
363,Ninjask,610,609,14,72,13,16,14,38,564,468
364,Shedinja,124,1095,3,83,0,29,1,51,120,912
365,Whismur,32,1187,1,85,0,29,0,52,31,1001
366,Loudred,262,957,2,84,0,29,0,52,260,772
367,Exploud,566,653,5,81,2,27,0,52,559,473
368,Makuhita,116,1103,0,86,1,28,0,52,115,917
369,Hariyama,713,506,21,65,5,24,12,40,670,362
370,Azurill,22,1197,3,83,0,29,0,52,19,1013
371,Nosepass,309,910,4,82,0,29,2,50,303,729
372,Skitty,84,1135,1,85,0,29,0,52,83,949
373,Delcatty,334,885,3,83,0,29,0,52,331,701
374,Sableye,360,859,4,82,4,25,3,49,349,683
375,Mega Sableye,598,621,15,71,14,15,6,46,559,473
376,Mawile,545,674,22,64,2,27,16,36,499,533
377,Mega Mawile,802,417,38,48,9,20,25,27,720,312
378,Aron,440,779,12,74,2,27,9,43,415,617
379,Lairon,683,536,25,61,9,20,16,36,628,404
380,Aggron,853,366,39,47,14,15,24,28,768,264
381,Mega Aggron,960,259,46,40,16,13,27,25,862,170
382,Meditite,141,1078,0,86,1,28,0,52,140,892
383,Medicham,469,750,7,79,1,28,1,51,460,572
384,Mega Medicham,745,474,24,62,4,25,10,42,703,329
385,Electrike,198,1021,1,85,1,28,0,52,196,836
386,Manectric,631,588,16,70,6,23,8,44,599,433
387,Mega Manectric,857,362,33,53,18,11,22,30,780,252
388,Plusle,453,766,10,76,3,26,2,50,437,595
389,Minun,454,765,8,78,3,26,2,50,440,592
390,Volbeat,451,768,9,77,7,22,6,46,427,605
391,Illumise,453,766,8,78,8,21,5,47,430,602
392,Roselia,466,753,7,79,5,24,3,49,449,583
393,Gulpin,171,1048,1,85,0,29,0,52,170,862
394,Swalot,550,669,12,74,3,26,5,47,526,506
395,Carvanha,197,1022,2,84,0,29,0,52,195,837
396,Sharpedo,606,613,13,73,10,19,4,48,578,454
397,Mega Sharpedo,884,335,33,53,14,15,16,36,812,220
398,Wailmer,325,894,3,83,1,28,1,51,320,712
399,Wailord,597,622,12,74,4,25,6,46,572,460
400,Numel,269,950,4,82,1,28,0,52,263,769
401,Camerupt,658,561,14,72,7,22,16,36,618,414
402,Mega Camerupt,894,325,37,49,15,14,25,27,806,226
403,Torkoal,635,584,19,67,10,19,12,40,589,443
404,Spoink,259,960,2,84,0,29,0,52,257,775
405,Grumpig,624,595,7,79,4,25,4,48,604,428
406,Spinda,254,965,2,84,0,29,0,52,252,780
407,Trapinch,233,986,4,82,1,28,0,52,227,805
408,Vibrava,349,870,4,82,2,27,1,51,339,693
409,Flygon,796,423,24,62,10,19,10,42,743,289
410,Cacnea,175,1044,1,85,1,28,0,52,173,859
411,Cacturne,582,637,10,76,9,20,4,48,553,479
412,Swablu,209,1010,1,85,0,29,0,52,208,824
413,Altaria,664,555,11,75,9,20,8,44,631,401
414,Mega Altaria,912,307,24,62,12,17,18,34,849,183
415,Zangoose,543,676,5,81,1,28,0,52,537,495
416,Seviper,468,751,11,75,1,28,2,50,451,581
417,Lunatone,644,575,17,69,4,25,9,43,614,418
418,Solrock,662,557,20,66,8,21,9,43,623,409
419,Barboach,191,1028,2,84,1,28,1,51,186,846
420,Whiscash,647,572,16,70,8,21,6,46,614,418
421,Corphish,244,975,2,84,1,28,1,51,240,792
422,Crawdaunt,684,535,19,67,10,19,8,44,645,387
423,Baltoy,182,1037,1,85,1,28,0,52,180,852
424,Claydol,634,585,15,71,8,21,5,47,599,433
425,Lileep,303,916,2,84,0,29,0,52,301,731
426,Cradily,625,594,6,80,6,23,1,51,609,423
427,Anorith,393,826,3,83,3,26,0,52,387,645
428,Armaldo,706,513,23,63,13,16,9,43,657,375
429,Feebas,12,1207,0,86,0,29,0,52,12,1020
430,Milotic,779,440,24,62,8,21,11,41,729,303
431,Castform,368,851,2,84,0,29,0,52,366,666
432,Castform Sunny Form,450,769,8,78,2,27,4,48,436,596
433,Castform Rainy Form,404,815,4,82,1,28,1,51,397,635
434,Castform Snowy Form,446,773,9,77,1,28,4,48,432,600
435,Kecleon,467,752,2,84,0,29,0,52,465,567
436,Shuppet,147,1072,2,84,1,28,0,52,144,888
437,Banette,529,690,12,74,6,23,1,51,505,527
438,Mega Banette,785,434,29,57,13,16,12,40,725,307
439,Duskull,105,1114,2,84,0,29,0,52,103,929
440,Dusclops,469,750,12,74,7,22,3,49,443,589
441,Tropius,664,555,15,71,13,16,11,41,619,413
442,Chimecho,621,598,7,79,4,25,3,49,603,429
443,Absol,632,587,13,73,12,17,1,51,603,429
444,Mega Absol,810,409,27,59,13,16,10,42,756,276
445,Wynaut,71,1148,0,86,0,29,0,52,71,961
446,Snorunt,217,1002,2,84,0,29,0,52,215,817
447,Glalie,597,622,21,65,4,25,8,44,561,471
448,Mega Glalie,787,432,39,47,9,20,17,35,715,317
449,Spheal,206,1013,3,83,0,29,0,52,203,829
450,Sealeo,520,699,13,73,2,27,7,45,498,534
451,Walrein,838,381,28,58,8,21,14,38,783,249
452,Clamperl,283,936,3,83,1,28,2,50,277,755
453,Huntail,606,613,15,71,6,23,9,43,572,460
454,Gorebyss,643,576,16,70,7,22,10,42,607,425
455,Relicanth,786,433,30,56,7,22,19,33,726,306
456,Luvdisc,200,1019,1,85,1,28,1,51,197,835
457,Bagon,220,999,2,84,0,29,0,52,218,814
458,Shelgon,542,677,6,80,3,26,2,50,530,502
459,Salamence,958,261,30,56,20,9,25,27,875,157
460,Mega Salamence,1070,149,50,36,23,6,37,15,946,86
461,Beldum,245,974,5,81,3,26,0,52,235,797
462,Metang,557,662,18,68,8,21,5,47,523,509
463,Metagross,991,228,45,41,19,10,26,26,893,139
464,Mega Metagross,1096,123,67,19,24,5,31,21,960,72
465,Regirock,857,362,36,50,13,16,22,30,779,253
466,Regice,799,420,36,50,9,20,18,34,728,304
467,Registeel,781,438,30,56,8,21,14,38,725,307
468,Latias,917,302,37,49,15,14,15,37,839,193
469,Mega Latias,1067,152,58,28,22,7,26,26,948,84
470,Latios,941,278,42,44,18,11,17,35,854,178
471,Mega Latios,1053,166,53,33,22,7,27,25,938,94
472,Kyogre,990,229,44,42,21,8,29,23,883,149
473,Kyogre Primal Kyogre,1054,165,50,36,21,8,34,18,935,97
474,Groudon,935,284,51,35,23,6,30,22,817,215
475,Groudon Primal Groudon,1141,78,67,19,26,3,39,13,993,39
476,Rayquaza,1024,195,42,44,23,6,31,21,918,114
477,Mega Rayquaza,1117,102,64,22,24,5,38,14,980,52
478,Jirachi,933,286,43,43,16,13,20,32,847,185
479,Deoxys Normal Forme,663,556,12,74,6,23,8,44,634,398
480,Deoxys Attack Forme,518,701,6,80,0,29,3,49,508,524
481,Deoxys Defense Forme,697,522,14,72,6,23,5,47,669,363
482,Deoxys Speed Forme,623,596,11,75,6,23,7,45,596,436
483,Turtwig,228,991,1,85,0,29,0,52,227,805
484,Grotle,431,788,5,81,4,25,4,48,417,615
485,Torterra,774,445,25,61,11,18,14,38,714,318
486,Chimchar,206,1013,1,85,1,28,1,51,203,829
487,Monferno,490,729,6,80,2,27,5,47,475,557
488,Infernape,764,455,23,63,5,24,19,33,711,321
489,Piplup,224,995,1,85,1,28,1,51,221,811
490,Prinplup,420,799,5,81,1,28,2,50,410,622
491,Empoleon,840,379,34,52,12,17,14,38,772,260
492,Starly,134,1085,1,85,0,29,0,52,133,899
493,Staravia,380,839,3,83,1,28,0,52,376,656
494,Staraptor,799,420,17,69,11,18,11,41,756,276
495,Bidoof,75,1144,1,85,0,29,0,52,74,958
496,Bibarel,520,699,4,82,2,27,1,51,512,520
497,Kricketot,30,1189,1,85,0,29,0,52,29,1003
498,Kricketune,378,841,6,80,5,24,1,51,365,667
499,Shinx,131,1088,1,85,0,29,0,52,130,902
500,Luxio,357,862,2,84,2,27,0,52,353,679
501,Luxray,748,471,20,66,9,20,11,41,705,327
502,Budew,213,1006,2,84,0,29,1,51,210,822
503,Roserade,713,506,15,71,10,19,6,46,674,358
504,Cranidos,401,818,7,79,1,28,3,49,390,642
505,Rampardos,752,467,26,60,8,21,17,35,696,336
506,Shieldon,368,851,14,72,1,28,6,46,345,687
507,Bastiodon,652,567,24,62,7,22,17,35,599,433
508,Burmy Plant Cloak,53,1166,1,85,0,29,0,52,52,980
509,Burmy Sandy Cloak,51,1168,1,85,0,29,0,52,50,982
510,Burmy Trash Cloak,52,1167,1,85,0,29,0,52,51,981
511,Wormadam Plant Cloak,572,647,17,69,13,16,8,44,528,504
512,Wormadam Sandy Cloak,563,656,17,69,10,19,8,44,525,507
513,Wormadam Trash Cloak,537,682,10,76,7,22,11,41,505,527
514,Mothim,573,646,10,76,11,18,8,44,539,493
515,Combee,171,1048,4,82,0,29,0,52,166,866
516,Vespiquen,710,509,21,65,16,13,18,34,647,385
517,Pachirisu,345,874,4,82,1,28,0,52,340,692
518,Buizel,204,1015,1,85,0,29,1,51,202,830
519,Floatzel,607,612,15,71,3,26,7,45,579,453
520,Cherubi,154,1065,1,85,0,29,0,52,153,879
521,Cherrim,462,757,6,80,3,26,4,48,446,586
522,Shellos,239,980,1,85,1,28,1,51,236,796
523,Gastrodon,676,543,22,64,8,21,11,41,629,403
524,Ambipom,588,631,5,81,2,27,3,49,577,455
525,Drifloon,436,783,5,81,4,25,6,46,418,614
526,Drifblim,778,441,21,65,18,11,20,32,714,318
527,Buneary,261,958,1,85,0,29,0,52,260,772
528,Lopunny,529,690,4,82,1,28,0,52,524,508
529,Mega Lopunny,893,326,28,58,13,16,16,36,826,206
530,Mismagius,667,552,16,70,13,16,5,47,629,403
531,Honchkrow,750,469,18,68,16,13,8,44,704,328
532,Glameow,168,1051,1,85,0,29,0,52,167,865
533,Purugly,449,770,3,83,0,29,0,52,446,586
534,Chingling,199,1020,2,84,0,29,0,52,197,835
535,Stunky,301,918,2,84,0,29,0,52,298,734
536,Skuntank,707,512,9,77,8,21,6,46,682,350
537,Bronzor,179,1040,4,82,1,28,1,51,171,861
538,Bronzong,731,488,31,55,10,19,15,37,669,363
539,Bonsly,355,864,3,83,1,28,2,50,349,683
540,Mime Jr.,242,977,3,83,2,27,0,52,236,796
541,Happiny,18,1201,0,86,0,29,0,52,18,1014
542,Chatot,500,719,5,81,2,27,0,52,493,539
543,Spiritomb,589,630,12,74,13,16,7,45,554,478
544,Gible,282,937,4,82,2,27,1,51,272,760
545,Gabite,577,642,12,74,2,27,2,50,557,475
546,Garchomp,1025,194,48,38,20,9,28,24,919,113
547,Mega Garchomp,1112,107,59,27,23,6,34,18,983,49
548,Munchlax,493,726,9,77,0,29,1,51,483,549
549,Riolu,174,1045,1,85,1,28,0,52,172,860
550,Lucario,768,451,21,65,8,21,16,36,718,314
551,Mega Lucario,928,291,33,53,12,17,20,32,853,179
552,Hippopotas,352,867,5,81,2,27,1,51,342,690
553,Hippowdon,778,441,31,55,16,13,22,30,698,334
554,Skorupi,314,905,6,80,2,27,1,51,302,730
555,Drapion,776,443,15,71,9,20,8,44,741,291
556,Croagunk,224,995,1,85,1,28,0,52,222,810
557,Toxicroak,762,457,18,68,5,24,12,40,722,310
558,Carnivine,458,761,6,80,4,25,3,49,443,589
559,Finneon,201,1018,1,85,0,29,1,51,199,833
560,Lumineon,474,745,6,80,2,27,1,51,464,568
561,Mantyke,400,819,4,82,3,26,2,50,390,642
562,Snover,291,928,3,83,1,28,0,52,287,745
563,Abomasnow,682,537,16,70,6,23,11,41,643,389
564,Mega Abomasnow,861,358,38,48,14,15,22,30,779,253
565,Weavile,854,365,43,43,13,16,19,33,770,262
566,Magnezone,979,240,47,39,18,11,28,24,878,154
567,Lickilicky,683,536,9,77,7,22,3,49,663,369
568,Rhyperior,963,256,50,36,15,14,30,22,859,173
569,Tangrowth,666,553,18,68,14,15,13,39,612,420
570,Electivire,753,466,23,63,11,18,11,41,705,327
571,Magmortar,743,476,24,62,12,17,17,35,684,348
572,Togekiss,967,252,39,47,16,13,28,24,873,159
573,Yanmega,858,361,26,60,18,11,24,28,783,249
574,Leafeon,665,554,15,71,11,18,11,41,622,410
575,Glaceon,803,416,35,51,11,18,15,37,735,297
576,Gliscor,911,308,31,55,17,12,23,29,830,202
577,Mamoswine,916,303,42,44,19,10,22,30,825,207
578,Porygon-Z,790,429,16,70,6,23,4,48,763,269
579,Gallade,770,449,22,64,6,23,10,42,727,305
580,Mega Gallade,998,221,44,42,15,14,23,29,903,129
581,Probopass,758,461,28,58,10,19,16,36,697,335
582,Dusknoir,683,536,17,69,13,16,11,41,637,395
583,Froslass,670,549,29,57,11,18,11,41,615,417
584,Rotom,717,502,20,66,8,21,7,45,679,353
585,Rotom Heat Rotom,865,354,28,58,13,16,18,34,800,232
586,Rotom Wash Rotom,829,390,28,58,15,14,21,31,759,273
587,Rotom Frost Rotom,843,376,25,61,10,19,15,37,788,244
588,Rotom Fan Rotom,840,379,21,65,15,14,20,32,780,252
589,Rotom Mow Rotom,724,495,13,73,11,18,10,42,685,347
590,Uxie,742,477,17,69,7,22,7,45,707,325
591,Mesprit,781,438,17,69,7,22,10,42,743,289
592,Azelf,749,470,21,65,9,20,11,41,703,329
593,Dialga,1095,124,52,34,19,10,32,20,978,54
594,Dialga Origin Forme,1116,103,60,26,20,9,34,18,987,45
595,Palkia,1089,130,54,32,23,6,35,17,964,68
596,Palkia Origin Forme,1117,102,59,27,23,6,39,13,981,51
597,Heatran,933,286,48,38,17,12,26,26,832,200
598,Regigigas,1003,216,55,31,17,12,31,21,888,144
599,Giratina Altered Forme,1115,104,58,28,24,5,32,20,985,47
600,Giratina Origin Forme,1113,106,63,23,23,6,31,21,980,52
601,Cresselia,833,386,26,60,12,17,11,41,777,255
602,Phione,556,663,8,78,4,25,1,51,541,491
603,Manaphy,857,362,30,56,12,17,18,34,789,243
604,Darkrai,931,288,42,44,17,12,15,37,849,183
605,Shaymin Land Forme,718,501,20,66,14,15,15,37,662,370
606,Shaymin Sky Forme,918,301,31,55,15,14,24,28,839,193
607,Arceus,979,240,56,30,17,12,30,22,865,167
608,Victini,930,289,33,53,20,9,22,30,847,185
609,Snivy,165,1054,1,85,0,29,0,52,164,868
610,Servine,321,898,2,84,1,28,1,51,317,715
611,Serperior,555,664,9,77,8,21,6,46,526,506
612,Tepig,254,965,1,85,1,28,1,51,251,781
613,Pignite,568,651,11,75,3,26,10,42,541,491
614,Emboar,791,428,19,67,9,20,14,38,744,288
615,Oshawott,207,1012,1,85,1,28,1,51,204,828
616,Dewott,420,799,4,82,2,27,2,50,410,622
617,Samurott,733,486,21,65,9,20,10,42,689,343
618,Hisuian Samurott,828,391,29,57,13,16,11,41,770,262
619,Patrat,72,1147,1,85,0,29,0,52,71,961
620,Watchog,404,815,3,83,0,29,0,52,401,631
621,Lillipup,156,1063,1,85,0,29,0,52,155,877
622,Herdier,354,865,2,84,0,29,0,52,352,680
623,Stoutland,752,467,14,72,7,22,3,49,726,306
624,Purrloin,112,1107,2,84,0,29,0,52,110,922
625,Liepard,460,759,7,79,9,20,1,51,443,589
626,Pansage,174,1045,1,85,0,29,0,52,173,859
627,Simisage,488,731,6,80,4,25,3,49,472,560
628,Pansear,231,988,1,85,1,28,1,51,228,804
629,Simisear,603,616,13,73,8,21,8,44,571,461
630,Panpour,194,1025,1,85,0,29,1,51,192,840
631,Simipour,585,634,13,73,4,25,6,46,560,472
632,Munna,239,980,2,84,0,29,0,52,237,795
633,Musharna,778,441,24,62,9,20,9,43,728,304
634,Pidove,186,1033,1,85,1,28,0,52,184,848
635,Tranquill,400,819,3,83,1,28,1,51,395,637
636,Unfezant,764,455,12,74,10,19,10,42,728,304
637,Blitzle,177,1042,1,85,0,29,0,52,176,856
638,Zebstrika,658,561,19,67,7,22,7,45,622,410
639,Roggenrola,296,923,2,84,1,28,2,50,291,741
640,Boldore,537,682,12,74,5,24,7,45,511,521
641,Gigalith,813,406,34,52,11,18,22,30,738,294
642,Woobat,295,924,4,82,2,27,2,50,285,747
643,Swoobat,522,697,11,75,6,23,8,44,493,539
644,Drilbur,320,899,5,81,1,28,0,52,313,719
645,Excadrill,885,334,39,47,16,13,20,32,799,233
646,Audino,477,742,4,82,2,27,1,51,470,562
647,Mega Audino,923,296,30,56,10,19,19,33,854,178
648,Timburr,307,912,2,84,1,28,1,51,303,729
649,Gurdurr,579,640,13,73,5,24,9,43,548,484
650,Conkeldurr,792,427,25,61,11,18,17,35,733,299
651,Tympole,150,1069,1,85,0,29,1,51,148,884
652,Palpitoad,388,831,7,79,1,28,2,50,377,655
653,Seismitoad,752,467,20,66,9,20,11,41,705,327
654,Throh,721,498,22,64,6,23,13,39,675,357
655,Sawk,697,522,18,68,6,23,9,43,660,372
656,Sewaddle,326,893,3,83,3,26,3,49,315,717
657,Swadloon,476,743,6,80,9,20,4,48,453,579
658,Leavanny,737,482,21,65,16,13,11,41,682,350
659,Venipede,185,1034,4,82,0,29,0,52,180,852
660,Whirlipede,353,866,7,79,2,27,3,49,337,695
661,Scolipede,697,522,17,69,13,16,13,39,648,384
662,Cottonee,220,999,3,83,0,29,1,51,216,816
663,Whimsicott,630,589,18,68,5,24,15,37,582,450
664,Petilil,173,1046,1,85,0,29,0,52,172,860
665,Lilligant,577,642,10,76,8,21,10,42,545,487
666,Hisuian Lilligant,703,516,19,67,8,21,15,37,655,377
667,Basculin Red-Striped Form,521,698,8,78,2,27,2,50,508,524
668,Basculin Blue-Striped Form,521,698,8,78,2,27,2,50,508,524
669,Basculin White-Striped Form,521,698,8,78,2,27,2,50,508,524
670,Sandile,253,966,4,82,2,27,1,51,245,787
671,Krokorok,405,814,5,81,5,24,1,51,391,641
672,Krookodile,868,351,37,49,13,16,15,37,793,239
673,Darumaka,367,852,4,82,1,28,2,50,360,672
674,Galarian Darumaka,375,844,6,80,0,29,1,51,368,664
675,Darmanitan Standard Mode,788,431,20,66,14,15,16,36,731,301
676,Darmanitan Zen Mode,1002,217,49,37,22,7,28,24,891,141
677,Galarian Darmanitan Standard Mode,793,426,34,52,9,20,18,34,724,308
678,Galarian Darmanitan Zen Mode,906,313,51,35,16,13,26,26,802,230
679,Maractus,481,738,7,79,7,22,5,47,458,574
680,Dwebble,288,931,2,84,4,25,3,49,279,753
681,Crustle,688,531,17,69,11,18,6,46,650,382
682,Scraggy,456,763,5,81,2,27,6,46,441,591
683,Scrafty,792,427,19,67,7,22,11,41,749,283
684,Sigilyph,735,484,15,71,13,16,12,40,690,342
685,Yamask,212,1007,2,84,2,27,0,52,208,824
686,Galarian Yamask,304,915,7,79,2,27,0,52,292,740
687,Cofagrigus,713,506,23,63,14,15,9,43,660,372
688,Tirtouga,457,762,7,79,3,26,7,45,437,595
689,Carracosta,750,469,28,58,8,21,18,34,691,341
690,Archen,450,769,5,81,0,29,4,48,441,591
691,Archeops,846,373,29,57,12,17,20,32,777,255
692,Trubbish,232,987,1,85,0,29,0,52,231,801
693,Garbodor,623,596,13,73,4,25,5,47,598,434
694,Zorua,248,971,2,84,1,28,0,52,245,787
695,Hisuian Zorua,295,924,2,84,2,27,0,52,291,741
696,Zoroark,661,558,13,73,12,17,3,49,632,400
697,Hisuian Zoroark,755,464,13,73,12,17,4,48,721,311
698,Minccino,151,1068,1,85,0,29,0,52,150,882
699,Cinccino,512,707,3,83,1,28,0,52,507,525
700,Gothita,172,1047,1,85,0,29,0,52,171,861
701,Gothorita,406,813,5,81,1,28,0,52,397,635
702,Gothitelle,689,530,12,74,6,23,4,48,662,370
703,Solosis,220,999,3,83,0,29,0,52,217,815
704,Duosion,409,810,4,82,3,26,0,52,401,631
705,Reuniclus,774,445,22,64,8,21,13,39,725,307
706,Ducklett,255,964,2,84,0,29,1,51,252,780
707,Swanna,694,525,11,75,4,25,9,43,667,365
708,Vanillite,223,996,1,85,0,29,0,52,222,810
709,Vanillish,415,804,8,78,1,28,0,52,405,627
710,Vanilluxe,713,506,24,62,7,22,13,39,665,367
711,Deerling,299,920,2,84,0,29,1,51,296,736
712,Sawsbuck,668,551,10,76,7,22,7,45,641,391
713,Emolga,577,642,9,77,7,22,4,48,556,476
714,Karrablast,243,976,3,83,2,27,0,52,237,795
715,Escavalier,834,385,34,52,17,12,23,29,753,279
716,Foongus,240,979,4,82,3,26,1,51,232,800
717,Amoonguss,622,597,13,73,8,21,8,44,586,446
718,Frillish,350,869,2,84,2,27,2,50,343,689
719,Jellicent,763,456,24,62,14,15,13,39,705,327
720,Alomomola,686,533,17,69,7,22,10,42,647,385
721,Joltik,299,920,3,83,3,26,0,52,292,740
722,Galvantula,708,511,16,70,14,15,7,45,668,364
723,Ferroseed,299,920,4,82,2,27,1,51,291,741
724,Ferrothorn,768,451,24,62,12,17,14,38,709,323
725,Klink,177,1042,1,85,1,28,0,52,175,857
726,Klang,483,736,10,76,2,27,5,47,463,569
727,Klinklang,721,498,23,63,7,22,12,40,674,358
728,Tynamo,147,1072,1,85,0,29,0,52,146,886
729,Eelektrik,451,768,6,80,2,27,1,51,442,590
730,Eelektross,730,489,21,65,8,21,10,42,687,345
731,Elgyem,284,935,2,84,0,29,0,52,282,750
732,Beheeyem,686,533,15,71,6,23,8,44,651,381
733,Litwick,309,910,7,79,3,26,4,48,295,737
734,Lampent,537,682,12,74,6,23,13,39,502,530
735,Chandelure,924,295,35,51,20,9,25,27,835,197
736,Axew,290,929,2,84,0,29,0,52,288,744
737,Fraxure,552,667,6,80,3,26,3,49,540,492
738,Haxorus,919,300,25,61,11,18,11,41,865,167
739,Cubchoo,221,998,2,84,0,29,0,52,219,813
740,Beartic,778,441,36,50,9,20,18,34,708,324
741,Cryogonal,672,547,29,57,4,25,12,40,622,410
742,Shelmet,187,1032,3,83,2,27,1,51,180,852
743,Accelgor,503,716,12,74,9,20,6,46,473,559
744,Stunfisk,777,442,30,56,11,18,17,35,709,323
745,Galarian Stunfisk,750,469,28,58,11,18,16,36,685,347
746,Mienfoo,320,899,3,83,1,28,0,52,316,716
747,Mienshao,623,596,14,72,3,26,4,48,599,433
748,Druddigon,759,460,14,72,5,24,7,45,731,301
749,Golett,340,879,6,80,3,26,1,51,328,704
750,Golurk,807,412,37,49,14,15,18,34,728,304
751,Pawniard,487,732,18,68,12,17,7,45,446,586
752,Bisharp,862,357,34,52,16,13,17,35,787,245
753,Bouffalant,775,444,18,68,7,22,7,45,741,291
754,Rufflet,410,809,2,84,1,28,0,52,407,625
755,Braviary,844,375,19,67,10,19,10,42,800,232
756,Hisuian Braviary,769,450,17,69,13,16,13,39,721,311
757,Vullaby,425,794,3,83,7,22,2,50,411,621
758,Mandibuzz,811,408,21,65,17,12,12,40,757,275
759,Heatmor,613,606,15,71,9,20,11,41,576,456
760,Durant,776,443,25,61,12,17,17,35,716,316
761,Deino,232,987,4,82,4,25,0,52,223,809
762,Zweilous,540,679,8,78,10,19,3,49,518,514
763,Hydreigon,976,243,39,47,18,11,23,29,886,146
764,Larvesta,437,782,10,76,6,23,7,45,411,621
765,Volcarona,884,335,35,51,17,12,24,28,799,233
766,Cobalion,889,330,29,57,12,17,20,32,822,210
767,Terrakion,907,312,31,55,11,18,21,31,839,193
768,Virizion,739,480,24,62,8,21,15,37,687,345
769,Tornadus Incarnate Forme,852,367,18,68,17,12,16,36,795,237
770,Tornadus Therian Forme,858,361,23,63,16,13,19,33,793,239
771,Thundurus Incarnate Forme,918,301,28,58,20,9,25,27,837,195
772,Thundurus Therian Forme,960,259,34,52,21,8,28,24,870,162
773,Reshiram,1078,141,56,30,24,5,33,19,953,79
774,Zekrom,1120,99,56,30,25,4,33,19,991,41
775,Landorus Incarnate Forme,1003,216,42,44,21,8,26,26,903,129
776,Landorus Therian Forme,1030,189,45,41,22,7,27,25,920,112
777,Kyurem,957,262,45,41,17,12,22,30,865,167
778,Kyurem White Kyurem,1060,159,53,33,19,10,29,23,950,82
779,Kyurem Black Kyurem,1054,165,55,31,18,11,28,24,942,90
780,Keldeo Ordinary Form,938,281,37,49,14,15,25,27,851,181
781,Keldeo Resolute Form,939,280,37,49,15,14,25,27,851,181
782,Meloetta Aria Forme,953,266,38,48,14,15,16,36,875,157
783,Meloetta Pirouette Forme,926,293,32,54,14,15,20,32,850,182
784,Genesect,863,356,37,49,14,15,22,30,783,249
785,Chespin,204,1015,2,84,1,28,0,52,201,831
786,Quilladin,399,820,2,84,4,25,2,50,390,642
787,Chesnaught,777,442,20,66,13,16,16,36,720,312
788,Fennekin,222,997,1,85,1,28,1,51,219,813
789,Braixen,469,750,5,81,3,26,5,47,455,577
790,Delphox,860,359,30,56,15,14,17,35,788,244
791,Froakie,200,1019,1,85,1,28,1,51,197,835
792,Frogadier,393,826,4,82,2,27,1,51,385,647
793,Greninja,784,435,31,55,12,17,12,40,724,308
794,Ash-Greninja,952,267,42,44,18,11,21,31,859,173
795,Bunnelby,38,1181,1,85,0,29,0,52,37,995
796,Diggersby,508,711,10,76,5,24,3,49,487,545
797,Fletchling,183,1036,1,85,0,29,0,52,182,850
798,Fletchinder,477,742,11,75,5,24,11,41,446,586
799,Talonflame,685,534,15,71,8,21,14,38,643,389
800,Scatterbug,43,1176,1,85,0,29,0,52,42,990
801,Spewpa,64,1155,2,84,0,29,0,52,62,970
802,Vivillon,630,589,18,68,11,18,9,43,587,445
803,Litleo,422,797,5,81,2,27,3,49,412,620
804,Pyroar,779,440,18,68,13,16,12,40,732,300
805,Flabébé,185,1034,1,85,0,29,0,52,184,848
806,Floette,358,861,3,83,0,29,2,50,353,679
807,Florges,862,357,33,53,11,18,21,31,787,245
808,Skiddo,228,991,2,84,0,29,0,52,226,806
809,Gogoat,611,608,10,76,8,21,8,44,581,451
810,Pancham,361,858,4,82,1,28,2,50,354,678
811,Pangoro,843,376,21,65,9,20,12,40,796,236
812,Furfrou,482,737,3,83,0,29,0,52,479,553
813,Espurr,290,929,2,84,0,29,0,52,288,744
814,Meowstic Male,592,627,6,80,1,28,4,48,577,455
815,Meowstic Female,592,627,6,80,1,28,4,48,577,455
816,Honedge,517,702,11,75,12,17,4,48,489,543
817,Doublade,828,391,31,55,17,12,15,37,760,272
818,Aegislash Shield Forme,721,498,22,64,12,17,12,40,671,361
819,Aegislash Blade Forme,703,516,17,69,12,17,9,43,663,369
820,Spritzee,334,885,4,82,0,29,2,50,326,706
821,Aromatisse,728,491,16,70,7,22,11,41,686,346
822,Swirlix,328,891,4,82,0,29,1,51,322,710
823,Slurpuff,665,554,14,72,4,25,8,44,634,398
824,Inkay,239,980,7,79,8,21,2,50,221,811
825,Malamar,722,497,25,61,13,16,11,41,668,364
826,Mega Malamar,877,342,38,48,16,13,15,37,802,230
827,Binacle,278,941,5,81,1,28,3,49,268,764
828,Barbaracle,799,420,27,59,7,22,15,37,745,287
829,Skrelp,252,967,1,85,0,29,1,51,249,783
830,Dragalge,717,502,14,72,7,22,7,45,682,350
831,Clauncher,238,981,2,84,1,28,1,51,234,798
832,Clawitzer,700,519,18,68,6,23,12,40,660,372
833,Helioptile,217,1002,1,85,1,28,0,52,215,817
834,Heliolisk,735,484,15,71,6,23,6,46,705,327
835,Tyrunt,429,790,8,78,1,28,4,48,415,617
836,Tyrantrum,792,427,27,59,9,20,14,38,738,294
837,Amaura,353,866,4,82,1,28,1,51,347,685
838,Aurorus,809,410,31,55,6,23,16,36,751,281
839,Sylveon,855,364,31,55,11,18,20,32,783,249
840,Hawlucha,794,425,21,65,8,21,19,33,741,291
841,Mega Hawlucha,1021,198,35,51,17,12,28,24,930,102
842,Dedenne,655,564,13,73,4,25,12,40,620,412
843,Carbink,597,622,21,65,5,24,16,36,552,480
844,Goomy,113,1106,1,85,0,29,0,52,112,920
845,Sliggoo,453,766,4,82,1,28,2,50,443,589
846,Hisuian Sliggoo,607,612,7,79,4,25,5,47,588,444
847,Goodra,862,357,24,62,11,18,14,38,807,225
848,Hisuian Goodra,946,273,38,48,12,17,16,36,870,162
849,Klefki,656,563,31,55,3,26,18,34,597,435
850,Phantump,244,975,2,84,3,26,0,52,239,793
851,Trevenant,716,503,20,66,15,14,9,43,665,367
852,Pumpkaboo Average Size,349,870,4,82,5,24,0,52,340,692
853,Pumpkaboo Small Size,346,873,3,83,4,25,0,52,339,693
854,Pumpkaboo Large Size,344,875,4,82,5,24,0,52,335,697
855,Pumpkaboo Super Size,345,874,4,82,5,24,0,52,336,696
856,Gourgeist Average Size,733,486,19,67,16,13,7,45,686,346
857,Gourgeist Small Size,712,507,22,64,15,14,4,48,665,367
858,Gourgeist Large Size,754,465,21,65,16,13,7,45,704,328
859,Gourgeist Super Size,783,436,24,62,17,12,9,43,725,307
860,Bergmite,318,901,8,78,0,29,1,51,309,723
861,Avalugg,802,417,41,45,13,16,19,33,721,311
862,Hisuian Avalugg,830,389,37,49,14,15,17,35,757,275
863,Noibat,161,1058,3,83,0,29,0,52,158,874
864,Noivern,845,374,23,63,11,18,18,34,784,248
865,Xerneas,1059,160,61,25,21,8,38,14,922,110
866,Yveltal,1063,156,47,39,23,6,32,20,947,85
867,Zygarde 50% Forme,963,256,41,45,18,11,23,29,870,162
868,Zygarde 10% Forme,720,499,23,63,5,24,7,45,676,356
869,Zygarde Complete Forme,1118,101,59,27,23,6,38,14,983,49
870,Diancie,839,380,36,50,12,17,25,27,759,273
871,Mega Diancie,965,254,52,34,16,13,36,16,850,182
872,Hoopa Hoopa Confined,958,261,44,42,19,10,25,27,857,175
873,Hoopa Hoopa Unbound,980,239,45,41,19,10,23,29,882,150
874,Volcanion,939,280,38,48,18,11,26,26,848,184
875,Rowlet,347,872,3,83,2,27,2,50,338,694
876,Dartrix,563,656,9,77,7,22,5,47,538,494
877,Decidueye,753,466,20,66,15,14,14,38,697,335
878,Hisuian Decidueye,735,484,22,64,9,20,16,36,681,351
879,Litten,225,994,1,85,1,28,1,51,222,810
880,Torracat,432,787,7,79,1,28,3,49,421,611
881,Incineroar,877,342,33,53,16,13,23,29,798,234
882,Popplio,231,988,1,85,1,28,1,51,228,804
883,Brionne,460,759,7,79,1,28,3,49,447,585
884,Primarina,919,300,40,46,13,16,27,25,828,204
885,Pikipek,199,1020,1,85,0,29,0,52,198,834
886,Trumbeak,415,804,3,83,1,28,0,52,411,621
887,Toucannon,717,502,11,75,8,21,6,46,688,344
888,Yungoos,104,1115,1,85,0,29,0,52,103,929
889,Gumshoos,506,713,4,82,3,26,1,51,498,534
890,Grubbin,167,1052,3,83,1,28,0,52,163,869
891,Charjabug,552,667,9,77,11,18,6,46,524,508
892,Vikavolt,876,343,22,64,19,10,15,37,814,218
893,Crabrawler,317,902,4,82,1,28,0,52,312,720
894,Crabominable,799,420,24,62,8,21,16,36,745,287
895,Oricorio Baile Style,693,526,15,71,10,19,17,35,645,387
896,Oricorio Pom-Pom Style,769,450,19,67,10,19,19,33,716,316
897,Oricorio Pa'u Style,674,545,12,74,9,20,12,40,636,396
898,Oricorio Sensu Style,776,443,18,68,19,10,17,35,718,314
899,Cutiefly,238,981,7,79,1,28,1,51,228,804
900,Ribombee,644,575,18,68,13,16,12,40,591,441
901,Rockruff,198,1021,1,85,0,29,0,52,197,835
902,Rockruff Own Tempo Rockruff,195,1024,1,85,0,29,0,52,194,838
903,Lycanroc Midday Form,694,525,25,61,6,23,10,42,648,384
904,Lycanroc Midnight Form,726,493,20,66,8,21,11,41,683,349
905,Lycanroc Dusk Form,695,524,25,61,6,23,10,42,650,382
906,Wishiwashi Solo Form,13,1206,0,86,0,29,0,52,13,1019
907,Wishiwashi School Form,808,411,28,58,11,18,16,36,745,287
908,Mareanie,255,964,2,84,1,28,1,51,250,782
909,Toxapex,666,553,14,72,7,22,14,38,628,404
910,Mudbray,496,723,12,74,2,27,5,47,474,558
911,Mudsdale,776,443,33,53,15,14,21,31,696,336
912,Dewpider,98,1121,2,84,0,29,1,51,95,937
913,Araquanid,590,629,12,74,8,21,8,44,560,472
914,Fomantis,82,1137,1,85,0,29,0,52,81,951
915,Lurantis,537,682,7,79,9,20,4,48,514,518
916,Morelull,286,933,3,83,2,27,2,50,276,756
917,Shiinotic,584,635,14,72,6,23,13,39,542,490
918,Salandit,406,813,8,78,2,27,8,44,387,645
919,Salazzle,737,482,23,63,7,22,17,35,684,348
920,Stufful,354,865,3,83,1,28,0,52,350,682
921,Bewear,807,412,17,69,10,19,12,40,763,269
922,Bounsweet,34,1185,0,86,0,29,0,52,34,998
923,Steenee,139,1080,1,85,0,29,0,52,138,894
924,Tsareena,677,542,15,71,11,18,10,42,634,398
925,Comfey,652,567,14,72,1,28,8,44,619,413
926,Oranguru,685,534,5,81,4,25,2,50,672,360
927,Passimian,742,477,19,67,8,21,13,39,697,335
928,Wimpod,71,1148,2,84,0,29,0,52,69,963
929,Golisopod,919,300,31,55,19,10,21,31,838,194
930,Sandygast,376,843,8,78,5,24,1,51,358,674
931,Palossand,766,453,32,54,14,15,16,36,695,337
932,Pyukumuku,493,726,10,76,5,24,4,48,472,560
933,Type: Null,712,507,10,76,6,23,3,49,691,341
934,Silvally,776,443,14,72,8,21,6,46,746,286
935,Minior Meteor Form,482,737,8,78,2,27,3,49,468,564
936,Minior Core Form,647,572,15,71,2,27,9,43,617,415
937,Komala,575,644,7,79,0,29,0,52,568,464
938,Turtonator,739,480,22,64,14,15,18,34,680,352
939,Togedemaru,757,462,27,59,8,21,12,40,703,329
940,Mimikyu,779,440,25,61,12,17,11,41,724,308
941,Bruxish,715,504,15,71,11,18,8,44,677,355
942,Drampa,819,400,14,72,9,20,6,46,784,248
943,Dhelmise,797,422,29,57,16,13,14,38,728,304
944,Jangmo-o,167,1052,1,85,0,29,0,52,166,866
945,Hakamo-o,557,662,7,79,1,28,5,47,542,490
946,Kommo-o,944,275,27,59,10,19,21,31,876,156
947,Tapu Koko,965,254,49,37,15,14,27,25,863,169
948,Tapu Lele,948,271,48,38,14,15,24,28,854,178
949,Tapu Bulu,877,342,36,50,20,9,24,28,784,248
950,Tapu Fini,944,275,41,45,14,15,22,30,856,176
951,Cosmog,20,1199,0,86,0,29,0,52,20,1012
952,Cosmoem,243,976,3,83,0,29,0,52,240,792
953,Solgaleo,1091,128,64,22,24,5,32,20,957,75
954,Lunala,1126,93,77,9,25,4,38,14,969,63
955,Nihilego,840,379,35,51,7,22,21,31,770,262
956,Buzzwole,943,276,32,54,18,11,24,28,860,172
957,Pheromosa,655,564,18,68,10,19,11,41,611,421
958,Xurkitree,880,339,31,55,17,12,18,34,809,223
959,Celesteela,919,300,26,60,13,16,23,29,851,181
960,Kartana,928,291,36,50,15,14,21,31,847,185
961,Guzzlord,896,323,35,51,17,12,17,35,818,214
962,Necrozma,866,353,27,59,13,16,19,33,799,233
963,Necrozma Dusk Mane Necrozma,1066,153,61,25,23,6,31,21,937,95
964,Necrozma Dawn Wings Necrozma,1118,101,70,16,25,4,38,14,968,64
965,Necrozma Ultra Necrozma,1075,144,62,24,23,6,35,17,941,91
966,Magearna,1017,202,57,29,16,13,36,16,895,137
967,Marshadow,1047,172,44,42,22,7,24,28,945,87
968,Poipole,412,807,7,79,0,29,3,49,402,630
969,Naganadel,896,323,31,55,9,20,16,36,829,203
970,Stakataka,911,308,49,37,15,14,25,27,813,219
971,Blacephalon,856,363,33,53,17,12,18,34,781,251
972,Zeraora,829,390,28,58,15,14,18,34,761,271
973,Meltan,178,1041,1,85,1,28,0,52,176,856
974,Melmetal,986,233,51,35,19,10,28,24,878,154
975,Grookey,205,1014,1,85,0,29,0,52,204,828
976,Thwackey,409,810,3,83,2,27,3,49,400,632
977,Rillaboom,724,495,19,67,14,15,13,39,671,361
978,Scorbunny,263,956,1,85,1,28,1,51,260,772
979,Raboot,505,714,10,76,3,26,5,47,486,546
980,Cinderace,765,454,28,58,13,16,16,36,701,331
981,Sobble,236,983,1,85,1,28,1,51,233,799
982,Drizzile,476,743,6,80,2,27,1,51,465,567
983,Inteleon,723,496,23,63,6,23,14,38,673,359
984,Skwovet,144,1075,1,85,0,29,0,52,143,889
985,Greedent,713,506,11,75,12,17,3,49,685,347
986,Rookidee,124,1095,2,84,0,29,0,52,122,910
987,Corvisquire,416,803,5,81,0,29,1,51,410,622
988,Corviknight,830,389,22,64,12,17,19,33,771,261
989,Blipbug,17,1202,1,85,0,29,0,52,16,1016
990,Dottler,319,900,7,79,6,23,1,51,301,731
991,Orbeetle,742,477,19,67,15,14,11,41,690,342
992,Nickit,73,1146,2,84,0,29,0,52,71,961
993,Thievul,577,642,13,73,7,22,3,49,552,480
994,Gossifleur,105,1114,1,85,0,29,0,52,104,928
995,Eldegoss,465,754,6,80,7,22,4,48,445,587
996,Wooloo,77,1142,1,85,0,29,0,52,76,956
997,Dubwool,592,627,5,81,4,25,0,52,583,449
998,Chewtle,177,1042,1,85,0,29,1,51,175,857
999,Drednaw,809,410,28,58,9,20,15,37,751,281
1000,Yamper,150,1069,1,85,0,29,0,52,149,883
1001,Boltund,583,636,13,73,6,23,6,46,557,475
1002,Rolycoly,96,1123,1,85,0,29,0,52,95,937
1003,Carkol,526,693,10,76,3,26,7,45,504,528
1004,Coalossal,795,424,27,59,10,19,18,34,735,297
1005,Applin,230,989,1,85,2,27,2,50,225,807
1006,Flapple,706,513,11,75,11,18,8,44,670,362
1007,Appletun,734,485,17,69,11,18,9,43,687,345
1008,Silicobra,264,955,4,82,1,28,0,52,258,774
1009,Sandaconda,736,483,26,60,14,15,18,34,670,362
1010,Cramorant,654,565,10,76,3,26,6,46,632,400
1011,Arrokuda,160,1059,1,85,0,29,0,52,159,873
1012,Barraskewda,642,577,16,70,4,25,7,45,611,421
1013,Toxel,169,1050,0,86,1,28,0,52,168,864
1014,Toxtricity Amped Form,794,425,23,63,11,18,17,35,737,295
1015,Toxtricity Low Key Form,795,424,23,63,11,18,16,36,739,293
1016,Sizzlipede,300,919,7,79,4,25,2,50,285,747
1017,Centiskorch,767,452,27,59,16,13,20,32,696,336
1018,Clobbopus,236,983,1,85,1,28,0,52,234,798
1019,Grapploct,656,563,16,70,5,24,10,42,620,412
1020,Sinistea,219,1000,2,84,2,27,0,52,215,817
1021,Polteageist,720,499,22,64,15,14,9,43,668,364
1022,Hatenna,118,1101,1,85,0,29,0,52,117,915
1023,Hattrem,387,832,3,83,1,28,0,52,381,651
1024,Hatterene,806,413,28,58,11,18,17,35,741,291
1025,Impidimp,146,1073,6,80,0,29,3,49,136,896
1026,Morgrem,446,773,7,79,5,24,7,45,424,608
1027,Grimmsnarl,825,394,31,55,13,16,17,35,757,275
1028,Obstagoon,861,358,23,63,14,15,7,45,813,219
1029,Perrserker,635,584,19,67,6,23,9,43,597,435
1030,Cursola,629,590,24,62,13,16,11,41,576,456
1031,Sirfetch'd,709,510,19,67,9,20,10,42,665,367
1032,Mr. Rime,747,472,24,62,7,22,11,41,702,330
1033,Runerigus,767,452,35,51,15,14,14,38,694,338
1034,Milcery,101,1118,1,85,0,29,0,52,100,932
1035,Alcremie,774,445,18,68,8,21,14,38,725,307
1036,Falinks,624,595,15,71,3,26,9,43,592,440
1037,Pincurchin,558,661,12,74,4,25,4,48,537,495
1038,Snom,60,1159,1,85,0,29,0,52,59,973
1039,Frosmoth,714,505,22,64,11,18,13,39,664,368
1040,Stonjourner,722,497,26,60,11,18,18,34,663,369
1041,Eiscue Ice Face,637,582,23,63,6,23,11,41,592,440
1042,Eiscue Noice Face,572,647,22,64,3,26,8,44,534,498
1043,Indeedee Male,593,626,5,81,2,27,2,50,584,448
1044,Indeedee Female,622,597,6,80,3,26,2,50,609,423
1045,Morpeko Full Belly Mode,603,616,17,69,7,22,1,51,575,457
1046,Morpeko Hangry Mode,603,616,17,69,7,22,1,51,575,457
1047,Cufant,281,938,2,84,1,28,0,52,278,754
1048,Copperajah,762,457,30,56,7,22,13,39,706,326
1049,Dracozolt,857,362,26,60,10,19,13,39,804,228
1050,Arctozolt,822,397,30,56,9,20,14,38,763,269
1051,Dracovish,812,407,21,65,11,18,13,39,763,269
1052,Arctovish,752,467,25,61,5,24,14,38,704,328
1053,Duraludon,861,358,21,65,11,18,16,36,806,226
1054,Dreepy,119,1100,2,84,0,29,0,52,117,915
1055,Drakloak,501,718,5,81,9,20,1,51,486,546
1056,Dragapult,972,247,42,44,17,12,19,33,882,150
1057,Zacian,1036,183,60,26,20,9,36,16,904,128
1058,Zacian Crowned Sword,1085,134,73,13,22,7,39,13,937,95
1059,Zamazenta,879,340,37,49,15,14,20,32,797,235
1060,Zamazenta Crowned Shield,1051,168,51,35,17,12,31,21,937,95
1061,Eternatus,1120,99,59,27,17,12,40,12,988,44
1062,Eternatus Eternamax,1208,11,82,4,28,1,51,1,1027,5
1063,Kubfu,425,794,6,80,1,28,2,50,415,617
1064,Urshifu Single Strike Style,963,256,33,53,20,9,16,36,887,145
1065,Urshifu Rapid Strike Style,916,303,34,52,14,15,21,31,839,193
1066,Zarude,970,249,43,43,20,9,24,28,873,159
1067,Regieleki,616,603,14,72,7,22,5,47,588,444
1068,Regidrago,850,369,20,66,8,21,12,40,806,226
1069,Glastrier,916,303,49,37,16,13,28,24,814,218
1070,Spectrier,922,297,48,38,23,6,26,26,813,219
1071,Calyrex,678,541,10,76,10,19,6,46,645,387
1072,Calyrex Ice Rider,1059,160,64,22,21,8,32,20,929,103
1073,Calyrex Shadow Rider,1118,101,74,12,25,4,40,12,962,70
1074,Wyrdeer,707,512,11,75,6,23,3,49,685,347
1075,Kleavor,788,431,22,64,14,15,14,38,733,299
1076,Ursaluna,986,233,55,31,19,10,27,25,873,159
1077,Ursaluna Bloodmoon,941,278,42,44,17,12,24,28,846,186
1078,Basculegion Male,907,312,37,49,16,13,20,32,828,204
1079,Basculegion Female,872,347,29,57,17,12,13,39,805,227
1080,Sneasler,866,353,28,58,8,21,17,35,806,226
1081,Overqwil,857,362,20,66,10,19,9,43,814,218
1082,Enamorus Incarnate Forme,926,293,34,52,19,10,27,25,835,197
1083,Enamorus Therian Forme,943,276,35,51,18,11,28,24,851,181
1084,Sprigatito,189,1030,1,85,0,29,0,52,188,844
1085,Floragato,352,867,2,84,2,27,2,50,346,686
1086,Meowscarada,778,441,27,59,14,15,15,37,715,317
1087,Fuecoco,290,929,3,83,2,27,2,50,283,749
1088,Crocalor,556,663,10,76,7,22,9,43,529,503
1089,Skeledirge,934,285,36,50,18,11,21,31,851,181
1090,Quaxly,200,1019,1,85,0,29,1,51,198,834
1091,Quaxwell,425,794,3,83,2,27,1,51,418,614
1092,Quaquaval,822,397,24,62,9,20,19,33,765,267
1093,Lechonk,81,1138,1,85,0,29,0,52,80,952
1094,Oinkologne Male,704,515,8,78,5,24,3,49,687,345
1095,Oinkologne Female,663,556,9,77,4,25,0,52,650,382
1096,Tarountula,60,1159,1,85,0,29,0,52,59,973
1097,Spidops,438,781,8,78,8,21,6,46,414,618
1098,Nymble,76,1143,2,84,0,29,0,52,74,958
1099,Lokix,678,541,18,68,14,15,9,43,634,398
1100,Pawmi,77,1142,1,85,0,29,0,52,76,956
1101,Pawmo,408,811,3,83,2,27,0,52,403,629
1102,Pawmot,820,399,25,61,9,20,16,36,765,267
1103,Tandemaus,153,1066,1,85,0,29,0,52,152,880
1104,Maushold Family of Four,486,733,4,82,0,29,0,52,482,550
1105,Maushold Family of Three,486,733,4,82,0,29,0,52,482,550
1106,Fidough,239,980,2,84,0,29,0,52,237,795
1107,Dachsbun,682,537,14,72,7,22,11,41,643,389
1108,Smoliv,137,1082,1,85,0,29,0,52,136,896
1109,Dolliv,339,880,2,84,0,29,1,51,335,697
1110,Arboliva,756,463,15,71,8,21,12,40,715,317
1111,Squawkabilly Green Plumage,586,633,6,80,3,26,4,48,571,461
1112,Squawkabilly Blue Plumage,584,635,6,80,3,26,4,48,569,463
1113,Squawkabilly Yellow Plumage,585,634,6,80,3,26,4,48,570,462
1114,Squawkabilly White Plumage,585,634,6,80,3,26,4,48,570,462
1115,Nacli,226,993,1,85,0,29,1,51,224,808
1116,Naclstack,387,832,4,82,1,28,3,49,379,653
1117,Garganacl,792,427,32,54,11,18,18,34,724,308
1118,Charcadet,118,1101,1,85,1,28,1,51,115,917
1119,Armarouge,884,335,31,55,18,11,16,36,810,222
1120,Ceruledge,907,312,42,44,19,10,24,28,814,218
1121,Tadbulb,203,1016,1,85,1,28,0,52,201,831
1122,Bellibolt,777,442,23,63,12,17,13,39,725,307
1123,Wattrel,236,983,2,84,1,28,0,52,233,799
1124,Kilowattrel,788,431,21,65,12,17,16,36,733,299
1125,Maschiff,346,873,3,83,5,24,0,52,338,694
1126,Mabosstiff,818,401,25,61,14,15,6,46,768,264
1127,Shroodle,196,1023,2,84,0,29,0,52,194,838
1128,Grafaiai,573,646,11,75,4,25,5,47,548,484
1129,Bramblin,167,1052,2,84,0,29,0,52,165,867
1130,Brambleghast,677,542,17,69,11,18,3,49,637,395
1131,Toedscool,245,974,4,82,1,28,2,50,236,796
1132,Toedscruel,623,596,18,68,5,24,8,44,586,446
1133,Klawf,669,550,19,67,8,21,11,41,629,403
1134,Capsakid,153,1066,1,85,0,29,0,52,152,880
1135,Scovillain,621,598,11,75,7,22,5,47,595,437
1136,Rellor,145,1074,3,83,2,27,1,51,139,893
1137,Rabsca,755,464,23,63,15,14,16,36,695,337
1138,Flittle,84,1135,0,86,0,29,0,52,84,948
1139,Espathra,637,582,8,78,4,25,6,46,615,417
1140,Tinkatink,268,951,11,75,1,28,6,46,248,784
1141,Tinkatuff,464,755,17,69,2,27,9,43,430,602
1142,Tinkaton,752,467,32,54,6,23,20,32,685,347
1143,Wiglett,68,1151,1,85,0,29,0,52,67,965
1144,Wugtrio,436,783,6,80,1,28,5,47,423,609
1145,Bombirdier,792,427,19,67,16,13,12,40,742,290
1146,Finizen,179,1040,1,85,0,29,1,51,177,855
1147,Palafin Zero Form,545,674,11,75,3,26,3,49,526,506
1148,Palafin Hero Form,983,236,42,44,20,9,28,24,881,151
1149,Varoom,398,821,7,79,3,26,6,46,381,651
1150,Revavroom,859,360,24,62,8,21,18,34,803,229
1151,Cyclizar,626,593,12,74,2,27,3,49,604,428
1152,Orthworm,647,572,24,62,6,23,11,41,603,429
1153,Glimmet,433,786,7,79,0,29,3,49,422,610
1154,Glimmora,839,380,36,50,8,21,19,33,770,262
1155,Greavard,195,1024,2,84,1,28,0,52,192,840
1156,Houndstone,702,517,18,68,13,16,9,43,658,374
1157,Flamigo,843,376,22,64,9,20,19,33,788,244
1158,Cetoddle,356,863,7,79,1,28,1,51,347,685
1159,Cetitan,836,383,39,47,9,20,20,32,760,272
1160,Veluza,712,507,16,70,10,19,9,43,671,361
1161,Dondozo,876,343,28,58,15,14,22,30,802,230
1162,Tatsugiri Curly Form,778,441,17,69,8,21,10,42,736,296
1163,Tatsugiri Droopy Form,778,441,17,69,8,21,10,42,736,296
1164,Tatsugiri Stretchy Form,778,441,17,69,8,21,10,42,736,296
1165,Annihilape,986,233,36,50,13,16,18,34,912,120
1166,Clodsire,674,545,24,62,5,24,13,39,625,407
1167,Farigiraf,760,459,14,72,8,21,3,49,733,299
1168,Dudunsparce Two-Segment Form,733,486,10,76,7,22,6,46,708,324
1169,Dudunsparce Three-Segment Form,731,488,10,76,7,22,6,46,706,326
1170,Kingambit,1021,198,49,37,20,9,27,25,915,117
1171,Great Tusk,933,286,39,47,20,9,28,24,835,197
1172,Scream Tail,865,354,35,51,11,18,18,34,792,240
1173,Brute Bonnet,918,301,39,47,23,6,23,29,824,208
1174,Flutter Mane,997,222,52,34,19,10,29,23,882,150
1175,Slither Wing,875,344,30,56,14,15,18,34,805,227
1176,Sandy Shocks,971,248,49,37,17,12,30,22,862,170
1177,Iron Treads,971,248,47,39,18,11,25,27,869,163
1178,Iron Bundle,901,318,40,46,12,17,16,36,823,209
1179,Iron Hands,1036,183,42,44,20,9,28,24,935,97
1180,Iron Jugulis,988,231,41,45,20,9,20,32,898,134
1181,Iron Moth,907,312,37,49,11,18,25,27,822,210
1182,Iron Thorns,953,266,41,45,16,13,26,26,862,170
1183,Frigibax,334,885,3,83,0,29,1,51,330,702
1184,Arctibax,616,603,12,74,3,26,4,48,596,436
1185,Baxcalibur,958,261,40,46,17,12,21,31,873,159
1186,Gimmighoul Chest Form,272,947,3,83,3,26,1,51,265,767
1187,Gimmighoul Roaming Form,188,1031,2,84,1,28,0,52,185,847
1188,Gholdengo,1045,174,55,31,22,7,32,20,925,107
1189,Wo-Chien,836,383,25,61,16,13,18,34,771,261
1190,Chien-Pao,899,320,45,41,13,16,20,32,811,221
1191,Ting-Lu,1000,219,57,29,20,9,30,22,881,151
1192,Chi-Yu,915,304,39,47,19,10,23,29,826,206
1193,Roaring Moon,1004,215,47,39,21,8,29,23,894,138
1194,Iron Valiant,934,285,38,48,15,14,23,29,848,184
1195,Koraidon,1085,134,48,38,19,10,35,17,969,63
1196,Miraidon,1139,80,67,19,25,4,40,12,992,40
1197,Walking Wake,1010,209,40,46,18,11,28,24,912,120
1198,Iron Leaves,941,278,36,50,22,7,21,31,853,179
1199,Dipplin,717,502,19,67,11,18,10,42,668,364
1200,Poltchageist,269,950,2,84,4,25,0,52,263,769
1201,Sinistcha,824,395,29,57,17,12,13,39,755,277
1202,Okidogi,936,283,31,55,14,15,22,30,864,168
1203,Munkidori,874,345,33,53,13,16,18,34,801,231
1204,Fezandipiti,847,372,41,45,10,19,20,32,764,268
1205,Ogerpon Teal Mask,707,512,21,65,13,16,14,38,651,381
1206,Ogerpon Wellspring Mask,816,403,28,58,13,16,17,35,749,283
1207,Ogerpon Hearthflame Mask,894,325,33,53,18,11,18,34,816,216
1208,Ogerpon Cornerstone Mask,873,346,32,54,11,18,16,36,808,224
1209,Archaludon,977,242,30,56,16,13,25,27,894,138
1210,Hydrapple,868,351,28,58,15,14,18,34,795,237
1211,Gouging Fire,1004,215,44,42,21,8,28,24,902,130
1212,Raging Bolt,1085,134,53,33,24,5,32,20,964,68
1213,Iron Boulder,882,337,43,43,12,17,25,27,795,237
1214,Iron Crown,993,226,53,33,15,14,24,28,891,141
1215,Terapagos,470,749,4,82,1,28,0,52,465,567
1216,Terapagos Terastal Form,873,346,28,58,9,20,9,43,821,211
1217,Terapagos Stellar Form,1049,170,57,29,18,11,35,17,927,105
1218,Pecharunt,987,232,32,54,22,7,24,28,901,131
