,name,hp,attack,defense,special_attack,special_defense,speed,total
1,Bulbasaur,45.0,49.0,49.0,65.0,65.0,45.0,318.0
2,Ivysaur,60.0,62.0,63.0,80.0,80.0,60.0,405.0
3,Venusaur,80.0,82.0,83.0,100.0,100.0,80.0,525.0
4,Charmander,39.0,52.0,43.0,60.0,50.0,65.0,309.0
5,Charmeleon,58.0,64.0,58.0,80.0,65.0,80.0,405.0
6,Charizard,78.0,84.0,78.0,109.0,85.0,100.0,534.0
7,Squirtle,44.0,48.0,65.0,50.0,64.0,43.0,314.0
8,Wartortle,59.0,63.0,80.0,65.0,80.0,58.0,405.0
9,Blastoise,79.0,83.0,100.0,85.0,105.0,78.0,530.0
10,Caterpie,45.0,30.0,35.0,20.0,20.0,45.0,195.0
11,Metapod,50.0,20.0,55.0,25.0,25.0,30.0,205.0
12,Butterfree,60.0,45.0,50.0,80.0,80.0,70.0,385.0
13,Weedle,40.0,35.0,30.0,20.0,20.0,50.0,195.0
14,Kakuna,45.0,25.0,50.0,25.0,25.0,35.0,205.0
15,Beedrill,65.0,80.0,40.0,45.0,80.0,75.0,385.0
16,Pidgey,40.0,45.0,40.0,35.0,35.0,56.0,251.0
17,Pidgeotto,63.0,60.0,55.0,50.0,50.0,71.0,349.0
18,Pidgeot,83.0,80.0,75.0,70.0,70.0,91.0,469.0
19,Rattata,30.0,56.0,35.0,25.0,35.0,72.0,253.0
20,Raticate,55.0,81.0,60.0,50.0,70.0,97.0,413.0
21,Spearow,40.0,60.0,30.0,31.0,31.0,70.0,262.0
22,Fearow,65.0,90.0,65.0,61.0,61.0,100.0,442.0
23,Ekans,35.0,60.0,44.0,40.0,54.0,55.0,288.0
24,Arbok,60.0,85.0,69.0,65.0,79.0,80.0,438.0
25,Pikachu,35.0,55.0,30.0,50.0,40.0,90.0,300.0
26,Raichu,60.0,90.0,55.0,90.0,80.0,100.0,475.0
27,Sandshrew,50.0,75.0,85.0,20.0,30.0,40.0,300.0
28,Sandslash,75.0,100.0,110.0,45.0,55.0,65.0,450.0
29,Nidoran♀,55.0,47.0,52.0,40.0,40.0,41.0,275.0
30,Nidorina,70.0,62.0,67.0,55.0,55.0,56.0,365.0
31,Nidoqueen,90.0,82.0,87.0,75.0,85.0,76.0,495.0
32,Nidoran♂,46.0,57.0,40.0,40.0,40.0,50.0,273.0
33,Nidorino,61.0,72.0,57.0,55.0,55.0,65.0,365.0
34,Nidoking,81.0,92.0,77.0,85.0,75.0,85.0,495.0
35,Clefairy,70.0,45.0,48.0,60.0,65.0,35.0,323.0
36,Clefable,95.0,70.0,73.0,85.0,90.0,60.0,473.0
37,Vulpix,38.0,41.0,40.0,50.0,65.0,65.0,299.0
38,Ninetales,73.0,76.0,75.0,81.0,100.0,100.0,505.0
39,Jigglypuff,115.0,45.0,20.0,45.0,25.0,20.0,270.0
40,Wigglytuff,140.0,70.0,45.0,75.0,50.0,45.0,425.0
41,Zubat,40.0,45.0,35.0,30.0,40.0,55.0,245.0
42,Golbat,75.0,80.0,70.0,65.0,75.0,90.0,455.0
43,Oddish,45.0,50.0,55.0,75.0,65.0,30.0,320.0
44,Gloom,60.0,65.0,70.0,85.0,75.0,40.0,395.0
45,Vileplume,75.0,80.0,85.0,100.0,90.0,50.0,480.0
46,Paras,35.0,70.0,55.0,45.0,55.0,25.0,285.0
47,Parasect,60.0,95.0,80.0,60.0,80.0,30.0,405.0
48,Venonat,60.0,55.0,50.0,40.0,55.0,45.0,305.0
49,Venomoth,70.0,65.0,60.0,90.0,75.0,90.0,450.0
50,Diglett,10.0,55.0,25.0,35.0,45.0,95.0,265.0
51,Dugtrio,35.0,80.0,50.0,50.0,70.0,120.0,405.0
52,Meowth,40.0,45.0,35.0,40.0,40.0,90.0,290.0
53,Persian,65.0,70.0,60.0,65.0,65.0,115.0,440.0
54,Psyduck,50.0,52.0,48.0,65.0,50.0,55.0,320.0
55,Golduck,80.0,82.0,78.0,95.0,80.0,85.0,500.0
56,Mankey,40.0,80.0,35.0,35.0,45.0,70.0,305.0
57,Primeape,65.0,105.0,60.0,60.0,70.0,95.0,455.0
58,Growlithe,55.0,70.0,45.0,70.0,50.0,60.0,350.0
59,Arcanine,90.0,110.0,80.0,100.0,80.0,95.0,555.0
60,Poliwag,40.0,50.0,40.0,40.0,40.0,90.0,300.0
61,Poliwhirl,65.0,65.0,65.0,50.0,50.0,90.0,385.0
62,Poliwrath,90.0,85.0,95.0,70.0,90.0,70.0,500.0
63,Abra,25.0,20.0,15.0,105.0,55.0,90.0,310.0
64,Kadabra,40.0,35.0,30.0,120.0,70.0,105.0,400.0
65,Alakazam,55.0,50.0,45.0,135.0,85.0,120.0,490.0
66,Machop,70.0,80.0,50.0,35.0,35.0,35.0,305.0
67,Machoke,80.0,100.0,70.0,50.0,60.0,45.0,405.0
68,Machamp,90.0,130.0,80.0,65.0,85.0,55.0,505.0
69,Bellsprout,50.0,75.0,35.0,70.0,30.0,40.0,300.0
70,Weepinbell,65.0,90.0,50.0,85.0,45.0,55.0,390.0
71,Victreebel,80.0,105.0,65.0,100.0,60.0,70.0,480.0
72,Tentacool,40.0,40.0,35.0,50.0,100.0,70.0,335.0
73,Tentacruel,80.0,70.0,65.0,80.0,120.0,100.0,515.0
74,Geodude,40.0,80.0,100.0,30.0,30.0,20.0,300.0
75,Graveler,55.0,95.0,115.0,45.0,45.0,35.0,390.0
76,Golem,80.0,110.0,130.0,55.0,65.0,45.0,485.0
77,Ponyta,50.0,85.0,55.0,65.0,65.0,90.0,410.0
78,Rapidash,65.0,100.0,70.0,80.0,80.0,105.0,500.0
79,Slowpoke,90.0,65.0,65.0,40.0,40.0,15.0,315.0
80,Slowbro,95.0,75.0,110.0,100.0,80.0,30.0,490.0
81,Magnemite,25.0,35.0,70.0,95.0,55.0,45.0,325.0
82,Magneton,50.0,60.0,95.0,120.0,70.0,70.0,465.0
83,Farfetch'd,52.0,65.0,55.0,58.0,62.0,60.0,352.0
84,Doduo,35.0,85.0,45.0,35.0,35.0,75.0,310.0
85,Dodrio,60.0,110.0,70.0,60.0,60.0,100.0,460.0
86,Seel,65.0,45.0,55.0,45.0,70.0,45.0,325.0
87,Dewgong,90.0,70.0,80.0,70.0,95.0,70.0,475.0
88,Grimer,80.0,80.0,50.0,40.0,50.0,25.0,325.0
89,Muk,105.0,105.0,75.0,65.0,100.0,50.0,500.0
90,Shellder,30.0,65.0,100.0,45.0,25.0,40.0,305.0
91,Cloyster,50.0,95.0,180.0,85.0,45.0,70.0,525.0
92,Gastly,30.0,35.0,30.0,100.0,35.0,80.0,310.0
93,Haunter,45.0,50.0,45.0,115.0,55.0,95.0,405.0
94,Gengar,60.0,65.0,60.0,130.0,75.0,110.0,500.0
95,Onix,35.0,45.0,160.0,30.0,45.0,70.0,385.0
96,Drowzee,60.0,48.0,45.0,43.0,90.0,42.0,328.0
97,Hypno,85.0,73.0,70.0,73.0,115.0,67.0,483.0
98,Krabby,30.0,105.0,90.0,25.0,25.0,50.0,325.0
99,Kingler,55.0,130.0,115.0,50.0,50.0,75.0,475.0
100,Voltorb,40.0,30.0,50.0,55.0,55.0,100.0,330.0
101,Electrode,60.0,50.0,70.0,80.0,80.0,140.0,480.0
102,Exeggcute,60.0,40.0,80.0,60.0,45.0,40.0,325.0
103,Exeggutor,95.0,95.0,85.0,125.0,65.0,55.0,520.0
104,Cubone,50.0,50.0,95.0,40.0,50.0,35.0,320.0
105,Marowak,60.0,80.0,110.0,50.0,80.0,45.0,425.0
106,Hitmonlee,50.0,120.0,53.0,35.0,110.0,87.0,455.0
107,Hitmonchan,50.0,105.0,79.0,35.0,110.0,76.0,455.0
108,Lickitung,90.0,55.0,75.0,60.0,75.0,30.0,385.0
109,Koffing,40.0,65.0,95.0,60.0,45.0,35.0,340.0
110,Weezing,65.0,90.0,120.0,85.0,70.0,60.0,490.0
111,Rhyhorn,80.0,85.0,95.0,30.0,30.0,25.0,345.0
112,Rhydon,105.0,130.0,120.0,45.0,45.0,40.0,485.0
113,Chansey,250.0,5.0,5.0,35.0,105.0,50.0,450.0
114,Tangela,65.0,55.0,115.0,100.0,40.0,60.0,435.0
115,Kangaskhan,105.0,95.0,80.0,40.0,80.0,90.0,490.0
116,Horsea,30.0,40.0,70.0,70.0,25.0,60.0,295.0
117,Seadra,55.0,65.0,95.0,95.0,45.0,85.0,440.0
118,Goldeen,45.0,67.0,60.0,35.0,50.0,63.0,320.0
119,Seaking,80.0,92.0,65.0,65.0,80.0,68.0,450.0
120,Staryu,30.0,45.0,55.0,70.0,55.0,85.0,340.0
121,Starmie,60.0,75.0,85.0,100.0,85.0,115.0,520.0
122,Mr._Mime,40.0,45.0,65.0,100.0,120.0,90.0,460.0
123,Scyther,70.0,110.0,80.0,55.0,80.0,105.0,500.0
124,Jynx,65.0,50.0,35.0,115.0,95.0,95.0,455.0
125,Electabuzz,65.0,83.0,57.0,95.0,85.0,105.0,490.0
126,Magmar,65.0,95.0,57.0,100.0,85.0,93.0,495.0
127,Pinsir,65.0,125.0,100.0,55.0,70.0,85.0,500.0
128,Tauros,75.0,100.0,95.0,40.0,70.0,110.0,490.0
129,Magikarp,20.0,10.0,55.0,15.0,20.0,80.0,200.0
130,Gyarados,95.0,125.0,79.0,60.0,100.0,81.0,540.0
131,Lapras,130.0,85.0,80.0,85.0,95.0,60.0,535.0
132,Ditto,48.0,48.0,48.0,48.0,48.0,48.0,288.0
133,Eevee,55.0,55.0,50.0,45.0,65.0,55.0,325.0
134,Vaporeon,130.0,65.0,60.0,110.0,95.0,65.0,525.0
135,Jolteon,65.0,65.0,60.0,110.0,95.0,130.0,525.0
136,Flareon,65.0,130.0,60.0,95.0,110.0,65.0,525.0
137,Porygon,65.0,60.0,70.0,85.0,75.0,40.0,395.0
138,Omanyte,35.0,40.0,100.0,90.0,55.0,35.0,355.0
139,Omastar,70.0,60.0,125.0,115.0,70.0,55.0,495.0
140,Kabuto,30.0,80.0,90.0,55.0,45.0,55.0,355.0
141,Kabutops,60.0,115.0,105.0,65.0,70.0,80.0,495.0
142,Aerodactyl,80.0,105.0,65.0,60.0,75.0,130.0,515.0
143,Snorlax,160.0,110.0,65.0,65.0,110.0,30.0,540.0
144,Articuno,90.0,85.0,100.0,95.0,125.0,85.0,580.0
145,Zapdos,90.0,90.0,85.0,125.0,90.0,100.0,580.0
146,Moltres,90.0,100.0,90.0,125.0,85.0,90.0,580.0
147,Dratini,41.0,64.0,45.0,50.0,50.0,50.0,300.0
148,Dragonair,61.0,84.0,65.0,70.0,70.0,70.0,420.0
149,Dragonite,91.0,134.0,95.0,100.0,100.0,80.0,600.0
150,Mewtwo,106.0,110.0,90.0,154.0,90.0,130.0,680.0
151,Mew,100.0,100.0,100.0,100.0,100.0,100.0,600.0
152,Chikorita,45.0,49.0,65.0,49.0,65.0,45.0,318.0
153,Bayleef,60.0,62.0,80.0,63.0,80.0,60.0,405.0
154,Meganium,80.0,82.0,100.0,83.0,100.0,80.0,525.0
155,Cyndaquil,39.0,52.0,43.0,60.0,50.0,65.0,309.0
156,Quilava,58.0,64.0,58.0,80.0,65.0,80.0,405.0
157,Typhlosion,78.0,84.0,78.0,109.0,85.0,100.0,534.0
158,Totodile,50.0,65.0,64.0,44.0,48.0,43.0,314.0
159,Croconaw,65.0,80.0,80.0,59.0,63.0,58.0,405.0
160,Feraligatr,85.0,105.0,100.0,79.0,83.0,78.0,530.0
161,Sentret,35.0,46.0,34.0,35.0,45.0,20.0,215.0
162,Furret,85.0,76.0,64.0,45.0,55.0,90.0,415.0
163,Hoothoot,60.0,30.0,30.0,36.0,56.0,50.0,262.0
164,Noctowl,100.0,50.0,50.0,76.0,96.0,70.0,442.0
165,Ledyba,40.0,20.0,30.0,40.0,80.0,55.0,265.0
166,Ledian,55.0,35.0,50.0,55.0,110.0,85.0,390.0
167,Spinarak,40.0,60.0,40.0,40.0,40.0,30.0,250.0
168,Ariados,70.0,90.0,70.0,60.0,60.0,40.0,390.0
169,Crobat,85.0,90.0,80.0,70.0,80.0,130.0,535.0
170,Chinchou,75.0,38.0,38.0,56.0,56.0,67.0,330.0
171,Lanturn,125.0,58.0,58.0,76.0,76.0,67.0,460.0
172,Pichu,20.0,40.0,15.0,35.0,35.0,60.0,205.0
173,Cleffa,50.0,25.0,28.0,45.0,55.0,15.0,218.0
174,Igglybuff,90.0,30.0,15.0,40.0,20.0,15.0,210.0
175,Togepi,35.0,20.0,65.0,40.0,65.0,20.0,245.0
176,Togetic,55.0,40.0,85.0,80.0,105.0,40.0,405.0
177,Natu,40.0,50.0,45.0,70.0,45.0,70.0,320.0
178,Xatu,65.0,75.0,70.0,95.0,70.0,95.0,470.0
179,Mareep,55.0,40.0,40.0,65.0,45.0,35.0,280.0
180,Flaaffy,70.0,55.0,55.0,80.0,60.0,45.0,365.0
181,Ampharos,90.0,75.0,75.0,115.0,90.0,55.0,500.0
182,Bellossom,75.0,80.0,85.0,90.0,100.0,50.0,480.0
183,Marill,70.0,20.0,50.0,20.0,50.0,40.0,250.0
184,Azumarill,100.0,50.0,80.0,50.0,80.0,50.0,410.0
185,Sudowoodo,70.0,100.0,115.0,30.0,65.0,30.0,410.0
186,Politoed,90.0,75.0,75.0,90.0,100.0,70.0,500.0
187,Hoppip,35.0,35.0,40.0,35.0,55.0,50.0,250.0
188,Skiploom,55.0,45.0,50.0,45.0,65.0,80.0,340.0
189,Jumpluff,75.0,55.0,70.0,55.0,85.0,110.0,450.0
190,Aipom,55.0,70.0,55.0,40.0,55.0,85.0,360.0
191,Sunkern,30.0,30.0,30.0,30.0,30.0,30.0,180.0
192,Sunflora,75.0,75.0,55.0,105.0,85.0,30.0,425.0
193,Yanma,65.0,65.0,45.0,75.0,45.0,95.0,390.0
194,Wooper,55.0,45.0,45.0,25.0,25.0,15.0,210.0
195,Quagsire,95.0,85.0,85.0,65.0,65.0,35.0,430.0
196,Espeon,65.0,65.0,60.0,130.0,95.0,110.0,525.0
197,Umbreon,95.0,65.0,110.0,60.0,130.0,65.0,525.0
198,Murkrow,60.0,85.0,42.0,85.0,42.0,91.0,405.0
199,Slowking,95.0,75.0,80.0,100.0,110.0,30.0,490.0
200,Misdreavus,60.0,60.0,60.0,85.0,85.0,85.0,435.0
201,Unknown,48.0,72.0,48.0,72.0,48.0,48.0,336.0
202,Wobbuffet,190.0,33.0,58.0,33.0,58.0,33.0,405.0
203,Girafarig,70.0,80.0,65.0,90.0,65.0,85.0,455.0
204,Pineco,50.0,65.0,90.0,35.0,35.0,15.0,290.0
205,Forretress,75.0,90.0,140.0,60.0,60.0,40.0,465.0
206,Dunsparce,100.0,70.0,70.0,65.0,65.0,45.0,415.0
207,Gligar,65.0,75.0,105.0,35.0,65.0,85.0,430.0
208,Steelix,75.0,85.0,200.0,55.0,65.0,30.0,510.0
209,Snubbull,60.0,80.0,50.0,40.0,40.0,30.0,300.0
210,Granbull,90.0,120.0,75.0,60.0,60.0,45.0,450.0
211,Qwilfish,65.0,95.0,75.0,55.0,55.0,85.0,430.0
212,Scizor,70.0,130.0,100.0,55.0,80.0,65.0,500.0
213,Shuckle,20.0,10.0,230.0,10.0,230.0,5.0,505.0
214,Heracross,80.0,125.0,75.0,40.0,95.0,85.0,500.0
215,Sneasel,55.0,95.0,55.0,35.0,75.0,115.0,430.0
216,Teddiursa,60.0,80.0,50.0,50.0,50.0,40.0,330.0
217,Ursaring,90.0,130.0,75.0,75.0,75.0,55.0,500.0
218,Slugma,40.0,40.0,40.0,70.0,40.0,20.0,250.0
219,Magcargo,50.0,50.0,120.0,80.0,80.0,30.0,410.0
220,Swinub,50.0,50.0,40.0,30.0,30.0,50.0,250.0
221,Piloswine,100.0,100.0,80.0,60.0,60.0,50.0,450.0
222,Corsola,55.0,55.0,85.0,65.0,85.0,35.0,380.0
223,Remoraid,35.0,65.0,35.0,65.0,35.0,65.0,300.0
224,Octillery,75.0,105.0,75.0,105.0,75.0,45.0,480.0
225,Delibird,45.0,55.0,45.0,65.0,45.0,75.0,330.0
226,Mantine,65.0,40.0,70.0,80.0,140.0,70.0,465.0
227,Skarmory,65.0,80.0,140.0,40.0,70.0,70.0,465.0
228,Houndour,45.0,60.0,30.0,80.0,50.0,65.0,330.0
229,Houndoom,75.0,90.0,50.0,110.0,80.0,95.0,500.0
230,Kingdra,75.0,95.0,95.0,95.0,95.0,85.0,540.0
231,Phanpy,90.0,60.0,60.0,40.0,40.0,40.0,330.0
232,Donphan,90.0,120.0,120.0,60.0,60.0,50.0,500.0
233,Porygon2,85.0,80.0,90.0,105.0,95.0,60.0,515.0
234,Stantler,73.0,95.0,62.0,85.0,65.0,85.0,465.0
235,Smeargle,55.0,20.0,35.0,20.0,45.0,75.0,250.0
236,Tyrogue,35.0,35.0,35.0,35.0,35.0,35.0,210.0
237,Hitmontop,50.0,95.0,95.0,35.0,110.0,70.0,455.0
238,Smoochum,45.0,30.0,15.0,85.0,65.0,65.0,305.0
239,Elekid,45.0,63.0,37.0,65.0,55.0,95.0,360.0
240,Magby,45.0,75.0,37.0,70.0,55.0,83.0,365.0
241,Miltank,95.0,80.0,105.0,40.0,70.0,100.0,490.0
242,Blissey,255.0,10.0,10.0,75.0,135.0,55.0,540.0
243,Raikou,90.0,85.0,75.0,115.0,100.0,115.0,580.0
244,Entei,115.0,115.0,85.0,90.0,75.0,100.0,580.0
245,Suicune,100.0,75.0,115.0,90.0,115.0,85.0,580.0
246,Larvitar,50.0,64.0,50.0,45.0,50.0,41.0,300.0
247,Pupitar,70.0,84.0,70.0,65.0,70.0,51.0,410.0
248,Tyranitar,100.0,134.0,110.0,95.0,100.0,61.0,600.0
249,Lugia,106.0,90.0,130.0,90.0,154.0,110.0,680.0
250,Ho-Oh,106.0,130.0,90.0,110.0,154.0,90.0,680.0
251,Celebi,100.0,100.0,100.0,100.0,100.0,100.0,600.0
252,Treecko,40.0,45.0,35.0,65.0,55.0,70.0,310.0
253,Grovyle,50.0,65.0,45.0,85.0,65.0,95.0,405.0
254,Sceptile,70.0,85.0,65.0,105.0,85.0,120.0,530.0
255,Torchic,45.0,60.0,40.0,70.0,50.0,45.0,310.0
256,Combusken,60.0,85.0,60.0,85.0,60.0,55.0,405.0
257,Blaziken,80.0,120.0,70.0,110.0,70.0,80.0,530.0
258,Mudkip,50.0,70.0,50.0,50.0,50.0,40.0,310.0
259,Marshtomp,70.0,85.0,70.0,60.0,70.0,50.0,405.0
260,Swampert,100.0,110.0,90.0,85.0,90.0,60.0,535.0
261,Poochyena,35.0,55.0,35.0,30.0,30.0,35.0,220.0
262,Mightyena,70.0,90.0,70.0,60.0,60.0,70.0,420.0
263,Zigzagoon,38.0,30.0,41.0,30.0,41.0,60.0,240.0
264,Linoone,78.0,70.0,61.0,50.0,61.0,100.0,420.0
265,Wurmple,45.0,45.0,35.0,20.0,30.0,20.0,195.0
266,Silcoon,50.0,35.0,55.0,25.0,25.0,15.0,205.0
267,Beautifly,60.0,70.0,50.0,90.0,50.0,65.0,385.0
268,Cascoon,50.0,35.0,55.0,25.0,25.0,15.0,205.0
269,Dustox,60.0,50.0,70.0,50.0,90.0,65.0,385.0
270,Lotad,40.0,30.0,30.0,40.0,50.0,30.0,220.0
271,Lombre,60.0,50.0,50.0,60.0,70.0,50.0,340.0
272,Ludicolo,80.0,70.0,70.0,90.0,100.0,70.0,480.0
273,Seedot,40.0,40.0,50.0,30.0,30.0,30.0,220.0
274,Nuzleaf,70.0,70.0,40.0,60.0,40.0,60.0,340.0
275,Shiftry,90,100,60,90,60,80,480
276,Taillow,40,55,30,30,30,85,270
277,Swellow,60,85,60,50,50,125,430
278,Wingull,40,30,30,55,30,85,270
279,Pelipper,60,50,100,85,70,65,430
280,Ralts,28,25,25,45,35,40,198
281,Kirlia,38,35,35,65,55,50,278
282,Gardevoir,68,65,65,125,115,80,518
283,Surskit,40,30,32,50,52,65,269
284,Masquerain,70,60,62,80,82,60,414
285,Shroomish,60,40,60,40,60,35,295
286,Breloom,60,130,80,60,60,70,460
287,Slakoth,60,60,60,35,35,30,280
288,Vigoroth,80,80,80,55,55,90,440
289,Slaking,150,160,100,95,65,100,670
290,Nincada,31,45,90,30,30,40,266
291,Ninjask,61,90,45,50,50,160,456
292,Shedinja,1,90,45,30,30,40,236
293,Whismur,64,51,23,51,23,28,240
294,Loudred,84,71,43,71,43,48,360
295,Exploud,104,91,63,91,63,68,480
296,Makuhita,72,60,30,20,30,25,237
297,Hariyama,144,120,60,40,60,50,474
298,Azurill,50,20,40,20,40,20,190
299,Nosepass,30,45,135,45,90,30,375
300,Skitty,50,45,45,35,35,50,260
301,Delcatty,70,65,65,55,55,70,380
302,Sableye,50,75,75,65,65,50,380
303,Mawile,50,85,85,55,55,50,380
304,Aron,50,70,100,40,40,30,330
305,Lairon,60,90,140,50,50,40,430
306,Aggron,70,110,180,60,60,50,530
307,Meditite,30,40,55,40,55,60,280
308,Medicham,60,60,75,60,75,80,410
309,Electrike,40,45,40,65,40,65,295
310,Manectric,70,75,60,105,60,105,475
311,Plusle,60,50,40,85,75,95,405
312,Minun,60,40,50,75,85,95,405
313,Volbeat,65,73,55,47,75,85,400
314,Illumise,65,47,55,73,75,85,400
315,Roselia,50,60,45,100,80,65,400
316,Gulpin,70,43,53,43,53,40,302
317,Swalot,100,73,83,73,83,55,467
318,Carvanha,45,90,20,65,20,65,305
319,Sharpedo,70,120,40,95,40,95,460
320,Wailmer,130,70,35,70,35,60,400
321,Wailord,170,90,45,90,45,60,500
322,Numel,60,60,40,65,45,35,305
323,Camerupt,70,100,70,105,75,40,460
324,Torkoal,70,85,140,85,70,20,470
325,Spoink,60,25,35,70,80,60,330
326,Grumpig,80,45,65,90,110,80,470
327,Spinda,60,60,60,60,60,60,360
328,Trapinch,45,100,45,45,45,10,290
329,Vibrava,50,70,50,50,50,70,340
330,Flygon,80,100,80,80,80,100,520
331,Cacnea,50,85,40,85,40,35,335
332,Cacturne,70,115,60,115,60,55,475
333,Swablu,45,40,60,40,75,50,310
334,Altaria,75,70,90,70,105,80,490
335,Zangoose,73,115,60,60,60,90,458
336,Seviper,73,100,60,100,60,65,458
337,Lunatone,70,55,65,95,85,70,440
338,Solrock,70,95,85,55,65,70,440
339,Barboach,50,48,43,46,41,60,288
340,Whiscash,110,78,73,76,71,60,468
341,Corphish,43,80,65,50,35,35,308
342,Crawdaunt,63,120,85,90,55,55,468
343,Baltoy,40,40,55,40,70,55,300
344,Claydol,60,70,105,70,120,75,500
345,lileep,66,41,77,61,87,23,355
346,Cradily,86,81,97,81,107,43,495
347,Anorith,45,95,50,40,50,75,355
348,Armaldo,75,125,100,70,80,45,495
349,Feebas,20,15,20,10,55,80,200
350,Milotic,95,60,79,100,125,81,540
351,Castform,70,70,70,70,70,70,420
352,Kecleon,60,90,70,60,120,40,440
353,Shuppet,44,75,35,63,33,45,295
354,Banette,64,115,65,83,63,65,455
355,Duskull,20,40,90,30,90,25,295
356,Dusclops,40,70,130,60,130,25,455
357,Tropius,99,68,83,72,87,51,460
358,Chimecho,65,50,70,95,80,65,425
359,Absol,65,130,60,75,60,75,465
360,Wynaut,95,23,48,23,48,23,260
361,Snorunt,50,50,50,50,50,50,300
362,Glalie,80,80,80,80,80,80,480
363,Spheal,70,40,50,55,50,25,290
364,Sealeo,90,60,70,75,70,45,410
365,Walrein,110,80,90,95,90,65,530
366,Clamperl,35,64,85,74,55,32,345
367,Huntail,55,104,105,94,75,52,485
368,Gorebyss,55,84,105,114,75,52,485
369,Relicanth,100,90,130,45,65,55,485
370,Luvdisc,43,30,55,40,65,97,330
371,Bagon,45,75,60,40,30,50,300
372,Shelgon,65,95,100,60,50,50,420
373,Salamence,95,135,80,110,80,100,600
374,Beldum,40,55,80,35,60,30,300
375,Metang,60,75,100,55,80,50,420
376,Metagross,80,135,130,95,90,70,600
377,Regirock,80,100,200,50,100,50,580
378,Regice,80,50,100,100,200,50,580
379,Registeel,80,75,150,75,150,50,580
380,Latias,80,80,90,110,130,110,600
381,Latios,80,90,80,130,110,110,600
382,Kyogre,100,100,90,150,140,90,670
383,Groudon,100,150,140,100,90,90,670
384,Rayquaza,105,150,90,150,90,95,680
385,Jirachi,100,100,100,100,100,100,600
386,Deoxys,50,150,50,150,50,150,600
387,Turtwig,55,68,64,45,55,31,318
388,Grotle,75,89,85,55,65,36,405
389,Torterra,95,109,105,75,85,56,525
390,Chimchar,44,58,44,58,44,61,309
391,Monferno,64,78,52,78,52,81,405
392,Infernape,76,104,71,104,71,108,534
393,Piplup,53,51,53,61,56,40,314
394,Prinplup,64,66,68,81,76,50,405
395,Empoleon,84,86,88,111,101,60,530
396,Starly,40,55,30,30,30,60,245
397,Staravia,55,75,50,40,40,80,340
398,Staraptor,85,120,70,50,50,100,475
399,Bidoof,59,45,40,35,40,31,250
400,Bibarel,79,85,60,55,60,71,410
401,Kricketot,37,25,41,25,41,25,194
402,Kricketune,77,85,51,55,51,65,384
403,Shinx,45,65,34,40,34,45,263
404,Luxio,60,85,49,60,49,60,363
405,Luxray,80,120,79,95,79,70,523
406,Budew,40,30,35,50,70,55,280
407,Roserade,60,70,55,125,105,90,505
408,Cranidos,67,125,40,30,30,58,350
409,Rampardos,97,165,60,65,50,58,495
410,Shieldon,30,42,118,42,88,30,350
411,Bastiodon,60,52,168,47,138,30,495
412,Burmy,40,29,45,29,45,36,224
413,Wormadam,60,59,85,79,105,36,424
414,Mothim,70,94,50,94,50,66,424
415,Combee,30,30,42,30,42,70,244
416,Vespiquen,70,80,102,80,102,40,474
417,Pachirisu,60,45,70,45,90,95,405
418,Buizel,55,65,35,60,30,85,330
419,Floatzel,85,105,55,85,50,115,495
420,Cherubi,45,35,45,62,53,35,275
421,Cherrim,70,60,70,87,78,85,450
422,Shellos,76,48,48,57,62,34,325
423,Gastrodon,111,83,68,92,82,39,475
424,Ambipom,75,100,66,60,66,115,482
425,Drifloon,90,50,34,60,44,70,348
426,Drifblim,150,80,44,90,54,80,498
427,Buneary,55,66,44,44,56,85,350
428,Lopunny,65,76,84,54,96,105,480
429,Mismagius,60,60,60,105,105,105,495
430,Honchkrow,100,125,52,105,52,71,505
431,Glameow,49,55,42,42,37,85,310
432,Purugly,71,82,64,64,59,112,452
433,Chingling,45,30,50,65,50,45,285
434,Stunky,63,63,47,41,41,74,329
435,Skuntank,103,93,67,71,61,84,479
436,Bronzor,57,24,86,24,86,23,300
437,Bronzong,67,89,116,79,116,33,500
438,Bonsly,50,80,95,10,45,10,290
439,Mime_Jr.,20,25,45,70,90,60,310
440,Happiny,100,5,5,15,65,30,220
441,Chatot,76,65,45,92,42,91,411
442,Spiritomb,50,92,108,92,108,35,485
443,Gible,58,70,45,40,45,42,300
444,Gabite,68,90,65,50,55,82,410
445,Garchomp,108,130,95,80,85,102,600
446,Munchlax,135,85,40,40,85,5,390
447,Riolu,40,70,40,35,40,60,285
448,Lucario,70,110,70,115,70,90,525
449,Hippopotas,68,72,78,38,42,32,330
450,Hippowdon,108,112,118,68,72,47,525
451,Skorupi,40,50,90,30,55,65,330
452,Drapion,70,90,110,60,75,95,500
453,Croagunk,48,61,40,61,40,50,300
454,Toxicroak,83,106,65,86,65,85,490
455,Carnivine,74,100,72,90,72,46,454
456,Finneon,49,49,56,49,61,66,330
457,Lumineon,69,69,76,69,86,91,460
458,Mantyke,45,20,50,60,120,50,345
459,Snover,60,62,50,62,60,40,334
460,Abomasnow,90,92,75,92,85,60,494
461,Weavile,70,120,65,45,85,125,510
462,Magnezone,70,70,115,130,90,60,535
463,Lickilicky,110,85,95,80,95,50,515
464,Rhyperior,115,140,130,55,55,40,535
465,Tangrowth,100,100,125,110,50,50,535
466,Electivire,75,123,67,95,85,95,540
467,Magmortar,75,95,67,125,95,83,540
468,Togekiss,85,50,95,120,115,80,545
469,Yanmega,86,76,86,116,56,95,515
470,Leafeon,65,110,130,60,65,95,525
471,Glaceon,65,60,110,130,95,65,525
472,Gliscor,75,95,125,45,75,95,510
473,Mamoswine,110,130,80,70,60,80,530
474,Porygon-Z,85,80,70,135,75,90,535
475,Gallade,68,125,65,65,115,80,518
476,Probopass,60,55,145,75,150,40,525
477,Dusknoir,45,100,135,65,135,45,525
478,Froslass,70,80,70,80,70,110,480
479,Rotom,50,50,77,95,77,91,440
480,Uxie,75,75,130,75,130,95,580
481,Mesprit,80,105,105,105,105,80,580
482,Azelf,75,125,70,125,70,115,580
483,Dialga,100,120,120,150,100,90,680
484,Palkia,90,120,100,150,120,100,680
485,Heatran,91,90,106,130,106,77,600
486,Regigigas,110,160,110,80,110,100,670
487,Giratina,150,100,120,100,120,90,680
488,Cresselia,120,70,120,75,130,85,600
489,Phione,80,80,80,80,80,80,480
490,Manaphy,100,100,100,100,100,100,600
491,Darkrai,70,90,90,135,90,125,600
492,Shaymin,100,100,100,100,100,100,600
493,Arceus,120,120,120,120,120,120,720
494,Victini,100,100,100,100,100,100,600
495,Snivy,45,45,55,45,55,63,308
496,Servine,60,60,75,60,75,83,413
497,Serperior,75,75,95,75,95,113,528
498,Tepig,65,63,45,45,45,45,308
499,pignite,90,93,55,70,55,55,418
500,Emboar,110,123,65,100,65,65,528
501,Oshawott,55,55,45,63,45,45,308
502,Dewott,75,75,60,83,60,60,413
503,Samurott,95,100,85,108,70,70,528
504,Patrat,45,55,39,35,39,42,255
505,Watchog,60,85,69,60,69,77,420
506,Lillipup,45,60,45,25,45,55,275
507,Herdier,65,80,65,35,65,60,370
508,Stoutland,85,100,90,45,90,80,490
509,Purrloin,41,50,37,50,37,66,281
510,Liepard,64,88,50,88,50,106,446
511,Pansage,50,53,48,53,48,64,316
512,Simisage,75,98,63,98,63,101,498
513,Pansear,50,53,48,53,48,64,316
514,Simisear,75,98,63,98,63,101,498
515,Panpour,50,53,48,53,48,64,316
516,Simipour,75,98,63,98,63,101,498
517,Munna,76,25,45,67,55,24,292
518,Musharna,116,55,85,107,95,29,487
519,Pidove,50,55,50,36,30,43,264
520,Tranquill,62,77,62,50,42,65,358
521,Unfezant,80,105,80,65,55,93,478
522,Blitzle,45,60,32,50,32,76,295
523,Zebstrika,75,100,63,80,63,116,497
524,Roggenrola,55,75,85,25,25,15,280
525,Boldore,70,105,105,50,40,20,390
526,Gigalith,85,135,130,60,70,25,505
527,Woobat,55,45,43,55,43,72,313
528,Swoobat,67,57,55,77,55,114,425
529,Drilbur,60,85,40,30,45,68,328
530,Excadrill,110,135,60,50,65,88,508
531,Audino,103,60,86,60,86,50,445
532,Timburr,75,80,55,25,35,35,305
533,Gurdurr,85,105,85,40,50,40,405
534,Conkeldurr,105,140,95,55,65,45,505
535,Tympole,50,50,40,50,40,64,294
536,Palpitoad,75,65,55,65,55,69,384
537,Seismitoad,105,85,75,85,75,74,499
538,Throh,120,100,85,30,85,45,465
539,Sawk,75,125,75,30,75,85,465
540,Sewaddle,45,53,70,40,60,42,310
541,Swadloon,55,63,90,50,80,42,380
542,Leavanny,75,103,80,70,70,92,490
543,Venipede,30,45,59,30,39,57,260
544,Whirlipede,40,55,99,40,79,47,360
545,Scolipede,60,90,89,55,69,112,475
546,Cottonee,40,27,60,37,50,66,280
547,Whimsicott,60,67,85,77,75,116,480
548,Petilil,45,35,50,70,50,30,280
549,Lilligant,70,60,75,110,75,90,480
550,Basculin,70,92,65,80,55,98,460
551,Sandile,50,72,35,35,35,65,292
552,Krokorok,60,82,45,45,45,74,351
553,Krookodile,95,117,70,65,70,92,509
554,Darumaka,70,90,45,15,45,50,315
555,Darmanitan,105,140,55,30,55,95,480
556,Maractus,75,86,67,106,67,60,461
557,Dwebble,50,65,85,35,35,55,325
558,Crustle,70,95,125,65,75,45,475
559,Scraggy,50,75,70,35,70,48,348
560,Scrafty,65,90,115,45,115,58,488
561,Sigilyph,72,58,80,103,80,97,490
562,Yamask,38,30,85,55,65,30,303
563,Cofagrigus,58,50,145,95,105,30,483
564,Tirtouga,54,78,103,53,45,22,355
565,Carracosta,74,108,133,83,65,32,495
566,Archen,55,112,45,74,45,70,401
567,Archeops,75,140,65,112,65,110,567
568,Trubbish,50,50,62,40,62,65,329
569,Garbodor,80,95,82,60,82,75,474
570,Zorua,40,65,40,80,40,65,330
571,Zoroark,60,105,60,120,60,105,510
572,Minccino,55,50,40,40,40,75,300
573,Cinccino,75,95,60,65,60,115,470
574,Gothita,45,30,50,55,65,45,290
575,Gothorita,60,45,70,75,85,55,390
576,Gothitelle,70,55,95,95,110,65,490
577,Solosis,45,30,40,105,50,20,290
578,Duosion,65,40,50,125,60,30,370
579,Reuniclus,110,65,75,125,85,30,490
580,Ducklett,62,44,50,44,50,55,305
581,Swanna,75,87,63,87,63,98,473
582,Vanillite,36,50,50,65,60,44,305
583,Vanillish,51,65,65,80,75,59,395
584,Vanilluxe,71,95,85,110,95,79,535
585,Deerling,60,60,50,40,50,75,335
586,Sawsbuck,80,100,70,60,70,95,475
587,Emolga,55,75,60,75,60,103,428
588,Karrablast,50,75,45,40,45,60,315
589,Escavalier,70,135,105,60,105,20,495
590,Foongus,69,55,45,55,55,15,294
591,Amoonguss,114,85,70,85,80,30,464
592,Frillish,55,40,50,65,85,40,335
593,Jellicent,100,60,70,85,105,60,480
594,Alomomola,165,75,80,40,45,65,470
595,Joltik,50,47,50,57,50,65,319
596,Galvantula,70,77,60,97,60,108,472
597,Ferroseed,44,50,91,24,86,10,305
598,Ferrothorn,74,94,131,54,116,20,489
599,Klink,40,55,70,45,60,30,300
600,Klang,60,80,95,70,85,50,440
601,Klinklang,60,100,115,70,85,90,520
602,Tynamo,35,55,40,45,40,60,275
603,Eelektrik,65,85,70,75,70,40,405
604,Eelektross,85,115,80,105,80,50,515
605,Elgyem,55,55,55,85,55,30,335
606,Beheeyem,75,75,75,125,95,40,485
607,Litwick,50,30,55,65,55,20,275
608,Lampent,60,40,60,95,60,55,370
609,Chandelure,60,55,90,145,90,80,520
610,Axew,46,87,60,30,40,57,320
611,Fraxure,66,117,70,40,50,67,410
612,Haxorus,76,147,90,60,70,97,540
613,Cubchoo,55,70,40,60,40,40,305
614,Beartic,95,110,80,70,80,50,485
615,Cryogonal,70,50,30,95,135,105,485
616,Shelmet,50,40,85,40,65,25,305
617,Accelgor,80,70,40,100,60,145,495
618,Stunfisk,109,66,84,81,99,32,471
619,Mienfoo,45,85,50,55,50,65,350
620,Mienshao,65,125,60,95,60,105,510
621,Druddigon,77,120,90,60,90,48,485
622,Golett,59,74,50,35,50,35,303
623,Golurk,89,124,80,55,80,55,483
624,Pawniard,45,85,70,40,40,60,340
625,Bisharp,65,125,100,60,70,70,490
626,Bouffalant,95,110,95,40,95,55,490
627,Rufflet,70,83,50,37,50,60,350
628,Braviary,100,123,75,57,75,80,510
629,Vullaby,70,55,75,45,65,60,370
630,Mandibuzz,110,65,105,55,95,80,510
631,Heatmor,85,97,66,105,66,65,484
632,Durant,58,109,112,48,48,109,484
633,Deino,52,65,50,45,50,38,300
634,Zweilous,72,85,70,65,70,58,420
635,Hydreigon,92,105,90,125,90,98,600
636,Larvesta,55,85,55,50,55,60,360
637,Volcarona,85,60,65,135,105,100,550
638,Cobalion,91,90,129,90,72,108,580
639,Terrakion,91,129,90,72,90,108,580
640,Virizion,91,90,72,90,129,108,580
641,Tornadus,79,115,70,125,80,111,580
642,Thundurus,79,115,70,125,80,111,580
643,Reshiram,100,120,100,150,120,90,680
644,Zekrom,100,150,120,120,100,90,680
645,Landorus,89,125,90,115,80,101,600
646,Kyurem,125,130,90,130,90,95,660
647,Keldeo,91,72,90,129,90,108,580
648,Meloetta,100,77,77,128,128,90,600
649,Genesect,71,120,95,120,95,99,600
650,Chespin,56,61,65,48,45,38,313
651,Quilladin,61,78,95,56,58,57,405
652,Chesnaught,88,107,122,74,75,64,530
653,Fennekin,40,45,40,62,60,60,307
654,Braixen,59,59,58,90,70,73,409
655,Delphox,75,69,72,114,100,104,534
656,Froakie,41,56,40,62,44,71,314
657,Frogadier,54,63,52,83,56,97,405
658,Greninja,72,95,67,103,71,122,530
659,Bunnelby,38,36,38,32,36,57,237
660,Diggersby,85,56,77,50,77,78,423
661,Fletchling,45,50,43,40,38,62,278
662,Fletchinder,62,73,55,56,52,84,382
663,Talonflame,78,81,71,74,69,126,499
664,Scatterbug,38,35,40,27,25,35,200
665,Spewpa,45,22,60,27,30,29,213
666,Vivillon,80,52,50,90,50,89,411
667,Litleo,62,50,58,73,54,72,369
668,Pyroar,86,68,72,109,66,106,507
669,Flabébé,44,38,39,61,79,42,303
670,Floette,54,45,47,75,98,52,371
671,Florges,78,65,68,112,154,75,552
672,Skiddo,66,65,48,62,57,52,350
673,Gogoat,123,100,62,97,81,68,531
674,Pancham,67,82,62,46,48,43,348
675,Pangoro,95,124,78,69,71,58,495
676,Furfrou,75,80,60,65,90,102,472
677,Espurr,62,48,54,63,60,68,355
678,Meowstic,74,48,76,83,81,104,466
679,Honedge,45,80,100,35,37,28,325
680,Doublade,59,110,150,45,49,35,448
681,Aegislash,60,50,150,50,150,60,520
682,Spritzee,78,52,60,63,65,23,341
683,Aromatisse,101,72,72,99,89,29,462
684,Swirlix,62,48,66,59,57,49,341
685,Slurpuff,82,80,86,85,75,72,480
686,Inkay,53,54,53,37,46,45,288
687,Malamar,86,92,88,68,75,73,482
688,Binacle,42,52,67,39,56,50,306
689,Barbaracle,72,105,115,54,86,68,500
690,Skrelp,50,60,60,60,60,30,320
691,Dragalge,65,75,90,97,123,44,494
692,Clauncher,50,53,62,58,63,44,330
693,Clawitzer,71,73,88,120,89,59,500
694,Helioptile,44,38,33,61,43,70,289
695,Heliolisk,62,55,52,109,94,109,481
696,Tyrunt,58,89,77,45,45,48,362
697,Tyrantrum,82,121,119,69,59,71,521
698,Amaura,77,59,50,67,63,46,362
699,Aurorus,123,77,72,99,92,58,521
700,Sylveon,95,65,65,110,130,60,525
701,Hawlucha,78,92,75,74,63,118,500
702,Dedenne,67,58,57,81,67,101,431
703,Carbink,50,50,150,50,150,50,500
704,Goomy,45,50,35,55,75,40,300
705,Sliggoo,68,75,53,83,113,60,452
706,Goodra,90,100,70,110,150,80,600
707,Klefki,57,80,91,80,87,75,470
708,Phantump,43,70,48,50,60,38,309
709,Trevenant,85,110,76,65,82,56,474
710,Pumpkaboo,44,66,70,44,55,56,335
711,Gourgeist,55,85,122,58,75,99,494
712,Bergmite,55,69,85,32,35,28,304
713,Avalugg,95,117,184,44,46,28,514
714,Noibat,40,30,35,45,40,55,245
715,Noivern,85,70,80,97,80,123,535
716,Xerneas,126,131,95,131,98,99,680
717,Yveltal,126,131,95,131,98,99,680
718,Zygarde,108,100,121,81,95,95,600
719,Diancie,50,100,150,100,150,50,600
720,Hoopa,80,110,60,150,130,70,600
721,Volcanion,80,110,120,130,90,70,600
722,Rowlet,68,55,55,50,50,42,320
723,Dartrix,78,75,75,70,70,52,420
724,Decidueye,78,107,75,100,100,70,530
725,Litten,45,65,40,60,40,70,320
726,Torracat,65,85,50,80,50,90,420
727,Incineroar,95,115,90,80,90,60,530
728,Popplio,50,54,54,66,56,40,320
729,Brionne,60,69,69,91,81,50,420
730,Primarina,80,74,74,126,116,60,530
731,Pikipek,35,75,30,30,30,65,265
732,Trumbeak,55,85,50,40,50,75,355
733,Toucannon,80,120,75,75,75,60,485
734,Yungoos,48,70,30,30,30,45,253
735,Gumshoos,88,110,60,55,60,45,418
736,Grubbin,47,62,45,55,45,46,300
737,Charjabug,57,82,95,55,75,36,400
738,Vikavolt,77,70,90,145,75,43,500
739,Crabrawler,47,82,57,42,47,63,338
740,Crabominable,97,132,77,62,67,43,478
741,Oricorio,75,70,70,98,70,93,476
742,Cutiefly,40,45,40,55,40,84,304
743,Ribombee,60,55,60,95,70,124,464
744,Rockruff,45,65,40,30,40,60,280
745,Lycanroc,75,115,65,55,65,112,487
746,Wishiwashi,45,20,20,25,25,40,175
747,Mareanie,50,53,62,43,52,45,305
748,Toxapex,50,63,152,53,142,35,495
749,Mudbray,70,100,70,45,55,45,385
750,Mudsdale,100,125,100,55,85,35,500
751,Dewpider,38,40,52,40,72,27,269
752,Araquanid,68,70,92,50,132,42,454
753,Fomantis,40,55,35,50,35,35,250
754,Lurantis,70,105,90,80,90,45,480
755,Morelull,40,35,55,65,75,15,285
756,Shiinotic,60,45,80,90,100,30,405
757,Salandit,48,44,40,71,40,77,320
758,Salazzle,68,64,60,111,60,117,480
759,Stufful,70,75,50,45,50,50,340
760,Bewear,120,125,80,55,60,60,500
761,Bounsweet,42,30,38,30,38,32,210
762,Steenee,52,40,48,40,48,62,290
763,Tsareena,72,120,98,50,98,72,510
764,Comfey,51,52,90,82,110,100,485
765,Oranguru,90,60,80,90,110,60,490
766,Passimian,100,120,90,40,60,80,490
767,Wimpod,25,35,40,20,30,80,230
768,Golisopod,75,125,140,60,90,40,530
769,Sandygast,55,55,80,70,45,15,320
770,Palossand,85,75,110,100,75,35,480
771,Pyukumuku,55,60,130,30,130,5,410
772,Type:_Null,95,95,95,95,95,59,534
773,Silvally,95,95,95,95,95,95,570
774,Minior,60,60,100,60,100,60,440
775,Komala,65,115,65,75,95,65,480
776,Turtonator,60,78,135,91,85,36,485
777,Togedemaru,65,98,63,40,73,96,435
778,Mimikyu,55,90,80,50,105,96,476
779,Bruxish,68,105,70,70,70,92,475
780,Drampa,78,60,85,135,91,36,485
781,Dhelmise,70,131,100,86,90,40,517
782,Jangmo-o,45,55,65,45,45,45,300
783,Hakamo-o,55,75,90,65,70,65,420
784,Kommo-o,75,110,125,100,105,85,600
785,Tapu_Koko,70,115,85,95,75,130,570
786,Tapu_Lele,70,85,75,130,115,95,570
787,Tapu_Bulu,70,130,115,85,95,75,570
788,Tapu_Fini,70,75,115,95,130,85,570
789,Cosmog,43,29,31,29,31,37,200
790,Cosmoem,43,29,131,29,131,37,400
791,Solgaleo,137,137,107,113,89,97,680
792,Lunala,137,113,89,137,107,97,680
793,Nihilego,109,53,47,127,131,103,570
794,Buzzwole,107,139,139,53,53,79,570
795,Pheromosa,71,137,37,137,37,151,570
796,Xurkitree,83,89,71,173,71,83,570
797,Celesteela,97,101,103,107,101,61,570
798,Kartana,59,181,131,59,31,109,570
799,Guzzlord,223,101,53,97,53,43,570
800,Necrozma,97,107,101,127,89,79,600
801,Magearna,80,95,115,130,115,65,600
802,Marshadow,90,125,80,90,90,125,600
803,Poipole,67,73,67,73,67,73,420
804,Naganadel,73,73,73,127,73,121,540
805,Stakataka,61,131,211,53,101,13,570
806,Blacephalon,53,127,53,151,79,107,570
807,Zeraora,88,112,75,102,80,143,600
808,Meltan,46,65,65,55,35,34,300
809,Melmetal,135,143,143,80,65,34,600
810,Grookey,50,65,50,40,40,65,310
811,Thwackey,70,85,70,55,60,80,420
812,Rillaboom,100,125,90,60,70,85,530
813,Scorbunny,50,71,40,40,40,69,310
814,Raboot,65,86,60,55,60,94,420
815,Cinderace,80,116,75,65,75,119,530
816,Sobble,50,40,40,70,40,70,310
817,Drizzile,65,60,55,95,55,90,420
818,Inteleon,70,85,65,125,65,120,530
819,Skwovet,70,55,55,35,35,25,275
820,Greedent,120,95,95,55,75,20,460
821,Rookidee,38,47,35,33,35,57,245
822,Corvisquire,68,67,55,43,55,77,365
823,Corviknight,98,87,105,53,85,67,495
824,Blipbug,25,20,20,25,45,45,180
825,Dottler,50,35,80,50,90,30,335
826,Orbeetle,60,45,110,80,120,90,505
827,Nickit,40,28,28,47,52,50,245
828,Thievul,70,58,58,87,92,90,455
829,Gossifleur,40,40,60,40,60,10,250
830,Eldegoss,60,50,90,80,120,60,460
831,Wooloo,42,40,55,40,45,48,270
832,Dubwool,72,80,100,60,90,88,490
833,Chewtle,50,64,50,38,38,44,284
834,Drednaw,90,115,90,48,68,74,485
835,Yamper,59,45,50,40,50,26,270
836,Boltund,69,90,60,90,60,121,490
837,Rolycoly,30,40,50,40,50,30,240
838,Carkol,80,60,90,60,70,50,410
839,Coalossal,110,80,120,80,90,30,510
840,Applin,40,40,80,40,40,20,260
841,Flapple,70,110,80,95,60,70,485
842,Appletun,110,85,80,100,80,30,485
843,Silicobra,52,57,75,35,50,46,315
844,Sandaconda,72,107,125,65,70,71,510
845,Cramorant,70,85,55,85,95,85,475
846,Arrokuda,41,63,40,40,30,66,280
847,Barraskewda,61,123,60,60,50,136,490
848,Toxel,40,38,35,54,35,40,242
849,Toxtricity,75,98,70,114,70,75,502
850,Sizzlipede,50,65,45,50,50,45,305
851,Centiskorch,100,115,65,90,90,65,525
852,Clobbopus,50,68,60,50,50,32,310
853,Grapploct,80,118,90,70,80,42,480
854,Sinistea,40,45,45,74,54,50,308
855,Polteageist,60,65,65,134,114,70,508
856,Hatenna,42,30,45,56,53,39,265
857,Hattrem,57,40,65,86,73,49,370
858,Hatterene,57,90,95,136,103,29,510
859,Impidimp,45,45,30,55,40,50,265
860,Morgrem,65,60,45,75,55,70,370
861,Grimmsnarl,95,120,65,95,75,60,510
862,Obstagoon,93,90,101,60,81,95,520
863,Perrserker,70,110,100,50,60,50,440
864,Cursola,60,95,50,145,130,30,510
865,Sirfetch'd,62,135,95,68,82,65,507
866,Mr._Rime,80,85,75,110,100,70,520
867,Runerigus,58,95,145,50,105,30,483
868,Milcery,45,40,40,50,61,34,270
869,Alcremie,65,60,75,110,121,64,495
870,Falinks,65,100,100,70,60,75,470
871,Pincurchin,48,101,95,91,85,15,435
872,Snom,30,25,35,45,30,20,185
873,Frosmoth,70,65,60,125,90,65,475
874,Stonjourner,100,125,135,20,20,70,470
875,Eiscue,75,80,110,65,90,50,470
876,Indeedee,60,65,55,105,95,95,475
877,Morpeko,58,95,58,70,58,97,436
878,Cufant,72,80,49,40,49,40,330
879,Copperajah,122,130,69,80,69,30,500
880,Dracozolt,90,100,90,80,70,75,505
881,Arctozolt,90,100,90,90,80,55,505
882,Dracovish,90,90,100,70,80,75,505
883,Arctovish,90,90,100,80,90,55,505
884,Duraludon,70,95,115,120,50,85,535
885,Dreepy,28,60,30,40,30,82,270
886,Drakloak,68,80,50,60,50,102,410
887,Dragapult,88,120,75,100,75,142,600
888,Zacian,92,130,115,80,115,138,670
889,Zamazenta,92,130,115,80,115,138,670
890,Eternatus,140,85,95,145,95,130,690
891,Kubfu,60,90,60,53,50,72,385
892,Urshifu,100,130,100,63,60,97,550
893,Zarude,105,120,105,70,95,105,600
894,Regieleki,80,100,50,100,50,200,580
895,Regidrago,200,100,50,100,50,80,580
896,Glastrier,100,145,130,65,110,30,580
897,Spectrier,100,65,60,145,80,130,580
898,Calyrex,100,80,80,80,80,80,500
899,Wyrdeer,103,105,72,105,75,65,525
900,Kleavor,70,135,95,45,70,85,500
901,Ursaluna,130,140,105,45,80,50,550
902,Basculegion,120,112,65,80,75,78,530
903,Sneasler,80,130,60,40,80,120,510
904,Overqwil,85,115,95,65,65,85,510
905,Enamorus,74,115,70,135,80,106,580
906,Sprigatito,40,61,54,45,45,65,310
907,Floragato,61,80,63,60,63,83,410
908,Meowscarada,76,110,70,81,70,123,530
909,Fuecoco,67,45,59,63,40,36,310
910,Crocalor,81,55,78,90,58,49,411
911,Skeledirge,104,75,100,110,75,66,530
912,Quaxly,55,65,45,50,45,50,310
913,Quaxwell,70,85,65,65,60,65,410
914,Quaquaval,85,120,80,85,75,85,530
915,Lechonk,54,45,40,35,45,35,254
916,Oinkologne,110,100,75,59,80,65,489
917,Tarountula,35,41,45,29,40,20,210
918,Spidops,60,79,92,52,86,35,404
919,Nymble,33,46,40,21,25,45,210
920,Lokix,71,102,78,52,55,92,450
921,Pawmi,45,50,20,40,25,60,240
922,Pawmo,60,75,40,50,40,85,350
923,Pawmot,70,115,70,70,60,105,490
924,Tandemaus,50,50,45,40,45,75,305
925,Maushold,74,75,70,65,75,111,470
926,Fidough,37,55,70,30,55,65,312
927,Dachsbun,57,80,115,50,80,95,477
928,Smoliv,41,35,45,58,51,30,260
929,Dolliv,52,53,60,78,78,33,354
930,Arboliva,78,69,90,125,109,39,510
931,Squawkabilly,82,96,51,45,51,92,417
932,Nacli,55,55,75,35,35,25,280
933,Naclstack,60,60,100,35,65,35,355
934,Garganacl,100,100,130,45,90,35,500
935,Charcadet,40,50,40,50,40,35,255
936,Armarouge,85,60,100,125,80,75,525
937,Ceruledge,75,125,80,60,100,85,525
938,Tadbulb,61,31,41,59,35,45,272
939,Bellibolt,109,64,91,103,83,45,495
940,Wattrel,40,40,35,55,40,70,280
941,Kilowattrel,70,70,60,105,60,125,490
942,Maschiff,60,78,60,40,51,51,340
943,Mabosstiff,80,120,90,60,70,85,505
944,Shroodle,40,65,35,40,35,75,290
945,Grafaiai,63,95,65,80,72,110,485
946,Bramblin,40,65,30,45,35,60,275
947,Brambleghast,55,115,70,80,70,90,480
948,Toedscool,40,40,35,50,100,70,335
949,Toedscruel,80,70,65,80,120,100,515
950,Klawf,70,100,115,35,55,75,450
951,Capsakid,50,62,40,62,40,50,304
952,Scovillain,65,108,65,108,65,75,486
953,Rellor,41,50,60,31,58,30,270
954,Rabsca,75,50,85,115,100,45,470
955,Flittle,30,35,30,55,30,75,255
956,Espathra,95,60,60,101,60,105,481
957,Tinkatink,50,45,45,35,64,58,297
958,Tinkatuff,65,55,55,45,82,78,380
959,Tinkaton,85,75,77,70,105,94,506
960,Wiglett,10,55,25,35,25,95,245
961,Wugtrio,35,100,50,50,70,120,425
962,Bombirdier,70,103,85,60,85,82,485
963,Finizen,70,45,40,45,40,75,315
964,Palafin,100,70,72,53,62,100,457
965,Varoom,45,70,63,30,45,47,300
966,Revavroom,80,119,90,54,67,90,500
967,Cyclizar,70,95,65,85,65,121,501
968,Orthworm,70,85,145,60,55,65,480
969,Glimmet,48,35,42,105,60,60,350
970,Glimmora,83,55,90,130,81,86,525
971,Greavard,50,61,60,30,55,34,290
972,Houndstone,72,101,100,50,97,68,488
973,Flamigo,82,115,74,75,64,90,500
974,Cetoddle,108,68,45,30,40,43,334
975,Cetitan,170,113,65,45,55,73,521
976,Veluza,90,102,73,78,65,70,478
977,Dondozo,150,100,115,65,65,35,530
978,Tatsugiri,68,50,60,120,95,82,475
979,Annihilape,110,115,80,50,90,90,535
980,Clodsire,130,75,60,45,100,20,430
981,Farigiraf,120,90,70,110,70,60,520
982,Dudunsparce,125,100,80,85,75,55,520
983,Kingambit,100,135,120,60,85,50,550
984,Great_Tusk,115,131,131,53,53,87,570
985,Scream_Tail,115,65,99,65,115,111,570
986,Brute_Bonnet,111,127,99,79,99,55,570
987,Flutter_Mane,55,55,55,135,135,135,570
988,Slither_Wing,85,135,79,85,105,81,570
989,Sandy_Shocks,85,81,97,121,85,101,570
990,Iron_Treads,90,112,120,72,70,106,570
991,Iron_Bundle,56,80,114,124,60,136,570
992,Iron_Hands,154,140,108,50,68,50,570
993,Iron_Jugulis,94,80,86,122,80,108,570
994,Iron_Moth,80,70,60,140,110,110,570
995,Iron_Thorns,100,134,110,70,84,72,570
996,Frigibax,65,75,45,35,45,55,320
997,Arctibax,90,95,66,45,65,62,423
998,Baxcalibur,115,145,92,75,86,87,600
999,Gimmighoul,45,30,70,75,70,10,300
1000,Gholdengo,87,60,95,133,91,84,550
1001,Wo-Chien,85,90,100,100,135,70,580
1002,Chien-Pao,80,130,80,90,65,135,580
1003,Ting-Lu,165,110,130,50,80,45,580
1004,Chi-Yu,55,80,80,145,120,100,580
1005,Roaring_Moon,105,139,71,55,101,119,590
1006,Iron_Valiant,74,130,90,120,60,116,590
1007,Koraidon,100,135,115,85,100,135,670
1008,Miraidon,100,85,100,135,115,135,670
1009,Walking_Wake,99,83,91,125,83,109,590
1010,Iron_Leaves,90,130,88,70,108,104,590
1011,Dipplin,80,80,110,95,80,40,485
1012,Poltchageist,40,45,45,74,54,50,308
1013,Sinistcha,71,60,106,121,80,70,508
1014,Okidogi,88,128,115,58,86,80,555
1015,Munkidori,88,75,66,130,90,106,555
1016,Fezandipiti,88,91,82,70,125,99,555
1017,Ogerpon,80,120,84,60,96,110,550
1018,Archaludon,90,105,130,125,65,85,600
1019,Hydrapple,106,80,110,120,80,44,540
1020,Gouging_Fire,105,115,121,65,93,91,590
1021,Raging_Bolt,125,73,91,137,89,75,590
1022,Iron_Boulder,90,120,80,68,108,124,590
1023,Iron_Crown,90,72,100,122,108,98,590
1024,Terapagos,90,65,85,65,85,60,450
1025,Pecharunt,88,88,160,88,88,88,600
0,,,,,,,,
